Date,Content,Video title,Video publish time,Duration,Engaged views
2026-07-16,-06ueSETfi4,What Makes Adamantium So Deadly? #wolverine #marvel #shorts,"Aug 6, 2026",31,0
2026-07-17,-06ueSETfi4,What Makes Adamantium So Deadly? #wolverine #marvel #shorts,"Aug 6, 2026",31,0
2026-07-18,-06ueSETfi4,What Makes Adamantium So Deadly? #wolverine #marvel #shorts,"Aug 6, 2026",31,0
2026-07-19,-06ueSETfi4,What Makes Adamantium So Deadly? #wolverine #marvel #shorts,"Aug 6, 2026",31,0
2026-07-20,-06ueSETfi4,What Makes Adamantium So Deadly? #wolverine #marvel #shorts,"Aug 6, 2026",31,0
2026-07-21,-06ueSETfi4,What Makes Adamantium So Deadly? #wolverine #marvel #shorts,"Aug 6, 2026",31,0
2026-07-22,-06ueSETfi4,What Makes Adamantium So Deadly? #wolverine #marvel #shorts,"Aug 6, 2026",31,0
2026-07-23,-06ueSETfi4,What Makes Adamantium So Deadly? #wolverine #marvel #shorts,"Aug 6, 2026",31,0
2026-07-24,-06ueSETfi4,What Makes Adamantium So Deadly? #wolverine #marvel #shorts,"Aug 6, 2026",31,0
2026-07-25,-06ueSETfi4,What Makes Adamantium So Deadly? #wolverine #marvel #shorts,"Aug 6, 2026",31,0
2026-07-26,-06ueSETfi4,What Makes Adamantium So Deadly? #wolverine #marvel #shorts,"Aug 6, 2026",31,0
2026-07-27,-06ueSETfi4,What Makes Adamantium So Deadly? #wolverine #marvel #shorts,"Aug 6, 2026",31,0
2026-07-28,-06ueSETfi4,What Makes Adamantium So Deadly? #wolverine #marvel #shorts,"Aug 6, 2026",31,0
2026-07-29,-06ueSETfi4,What Makes Adamantium So Deadly? #wolverine #marvel #shorts,"Aug 6, 2026",31,0
2026-07-30,-06ueSETfi4,What Makes Adamantium So Deadly? #wolverine #marvel #shorts,"Aug 6, 2026",31,0
2026-07-31,-06ueSETfi4,What Makes Adamantium So Deadly? #wolverine #marvel #shorts,"Aug 6, 2026",31,0
2026-08-01,-06ueSETfi4,What Makes Adamantium So Deadly? #wolverine #marvel #shorts,"Aug 6, 2026",31,0
2026-08-02,-06ueSETfi4,What Makes Adamantium So Deadly? #wolverine #marvel #shorts,"Aug 6, 2026",31,0
2026-08-03,-06ueSETfi4,What Makes Adamantium So Deadly? #wolverine #marvel #shorts,"Aug 6, 2026",31,0
2026-08-04,-06ueSETfi4,What Makes Adamantium So Deadly? #wolverine #marvel #shorts,"Aug 6, 2026",31,0
2026-08-05,-06ueSETfi4,What Makes Adamantium So Deadly? #wolverine #marvel #shorts,"Aug 6, 2026",31,1277
2026-08-06,-06ueSETfi4,What Makes Adamantium So Deadly? #wolverine #marvel #shorts,"Aug 6, 2026",31,10443
2026-08-07,-06ueSETfi4,What Makes Adamantium So Deadly? #wolverine #marvel #shorts,"Aug 6, 2026",31,2124
2026-08-08,-06ueSETfi4,What Makes Adamantium So Deadly? #wolverine #marvel #shorts,"Aug 6, 2026",31,1382
2026-08-09,-06ueSETfi4,What Makes Adamantium So Deadly? #wolverine #marvel #shorts,"Aug 6, 2026",31,119
2026-08-10,-06ueSETfi4,What Makes Adamantium So Deadly? #wolverine #marvel #shorts,"Aug 6, 2026",31,34
2026-08-11,-06ueSETfi4,What Makes Adamantium So Deadly? #wolverine #marvel #shorts,"Aug 6, 2026",31,23
2026-08-12,-06ueSETfi4,What Makes Adamantium So Deadly? #wolverine #marvel #shorts,"Aug 6, 2026",31,49
2026-07-16,AHhNLTkpLPA,Venom's worst nightmare : Carnage #marvel #venom  #didyouknow,"Aug 2, 2026",34,0
2026-07-17,AHhNLTkpLPA,Venom's worst nightmare : Carnage #marvel #venom  #didyouknow,"Aug 2, 2026",34,0
2026-07-18,AHhNLTkpLPA,Venom's worst nightmare : Carnage #marvel #venom  #didyouknow,"Aug 2, 2026",34,0
2026-07-19,AHhNLTkpLPA,Venom's worst nightmare : Carnage #marvel #venom  #didyouknow,"Aug 2, 2026",34,0
2026-07-20,AHhNLTkpLPA,Venom's worst nightmare : Carnage #marvel #venom  #didyouknow,"Aug 2, 2026",34,0
2026-07-21,AHhNLTkpLPA,Venom's worst nightmare : Carnage #marvel #venom  #didyouknow,"Aug 2, 2026",34,0
2026-07-22,AHhNLTkpLPA,Venom's worst nightmare : Carnage #marvel #venom  #didyouknow,"Aug 2, 2026",34,0
2026-07-23,AHhNLTkpLPA,Venom's worst nightmare : Carnage #marvel #venom  #didyouknow,"Aug 2, 2026",34,0
2026-07-24,AHhNLTkpLPA,Venom's worst nightmare : Carnage #marvel #venom  #didyouknow,"Aug 2, 2026",34,0
2026-07-25,AHhNLTkpLPA,Venom's worst nightmare : Carnage #marvel #venom  #didyouknow,"Aug 2, 2026",34,0
2026-07-26,AHhNLTkpLPA,Venom's worst nightmare : Carnage #marvel #venom  #didyouknow,"Aug 2, 2026",34,0
2026-07-27,AHhNLTkpLPA,Venom's worst nightmare : Carnage #marvel #venom  #didyouknow,"Aug 2, 2026",34,0
2026-07-28,AHhNLTkpLPA,Venom's worst nightmare : Carnage #marvel #venom  #didyouknow,"Aug 2, 2026",34,0
2026-07-29,AHhNLTkpLPA,Venom's worst nightmare : Carnage #marvel #venom  #didyouknow,"Aug 2, 2026",34,0
2026-07-30,AHhNLTkpLPA,Venom's worst nightmare : Carnage #marvel #venom  #didyouknow,"Aug 2, 2026",34,0
2026-07-31,AHhNLTkpLPA,Venom's worst nightmare : Carnage #marvel #venom  #didyouknow,"Aug 2, 2026",34,0
2026-08-01,AHhNLTkpLPA,Venom's worst nightmare : Carnage #marvel #venom  #didyouknow,"Aug 2, 2026",34,855
2026-08-02,AHhNLTkpLPA,Venom's worst nightmare : Carnage #marvel #venom  #didyouknow,"Aug 2, 2026",34,7775
2026-08-03,AHhNLTkpLPA,Venom's worst nightmare : Carnage #marvel #venom  #didyouknow,"Aug 2, 2026",34,3643
2026-08-04,AHhNLTkpLPA,Venom's worst nightmare : Carnage #marvel #venom  #didyouknow,"Aug 2, 2026",34,1136
2026-08-05,AHhNLTkpLPA,Venom's worst nightmare : Carnage #marvel #venom  #didyouknow,"Aug 2, 2026",34,1653
2026-08-06,AHhNLTkpLPA,Venom's worst nightmare : Carnage #marvel #venom  #didyouknow,"Aug 2, 2026",34,317
2026-08-07,AHhNLTkpLPA,Venom's worst nightmare : Carnage #marvel #venom  #didyouknow,"Aug 2, 2026",34,73
2026-08-08,AHhNLTkpLPA,Venom's worst nightmare : Carnage #marvel #venom  #didyouknow,"Aug 2, 2026",34,105
2026-08-09,AHhNLTkpLPA,Venom's worst nightmare : Carnage #marvel #venom  #didyouknow,"Aug 2, 2026",34,19
2026-08-10,AHhNLTkpLPA,Venom's worst nightmare : Carnage #marvel #venom  #didyouknow,"Aug 2, 2026",34,10
2026-08-11,AHhNLTkpLPA,Venom's worst nightmare : Carnage #marvel #venom  #didyouknow,"Aug 2, 2026",34,6
2026-08-12,AHhNLTkpLPA,Venom's worst nightmare : Carnage #marvel #venom  #didyouknow,"Aug 2, 2026",34,23
2026-07-16,D0EDxytksrQ,JJK Terms You've Been Mixing Up This Whole Time #jujutsukaisen  #jjk  #anime,"Aug 8, 2026",34,0
2026-07-17,D0EDxytksrQ,JJK Terms You've Been Mixing Up This Whole Time #jujutsukaisen  #jjk  #anime,"Aug 8, 2026",34,0
2026-07-18,D0EDxytksrQ,JJK Terms You've Been Mixing Up This Whole Time #jujutsukaisen  #jjk  #anime,"Aug 8, 2026",34,0
2026-07-19,D0EDxytksrQ,JJK Terms You've Been Mixing Up This Whole Time #jujutsukaisen  #jjk  #anime,"Aug 8, 2026",34,0
2026-07-20,D0EDxytksrQ,JJK Terms You've Been Mixing Up This Whole Time #jujutsukaisen  #jjk  #anime,"Aug 8, 2026",34,0
2026-07-21,D0EDxytksrQ,JJK Terms You've Been Mixing Up This Whole Time #jujutsukaisen  #jjk  #anime,"Aug 8, 2026",34,0
2026-07-22,D0EDxytksrQ,JJK Terms You've Been Mixing Up This Whole Time #jujutsukaisen  #jjk  #anime,"Aug 8, 2026",34,0
2026-07-23,D0EDxytksrQ,JJK Terms You've Been Mixing Up This Whole Time #jujutsukaisen  #jjk  #anime,"Aug 8, 2026",34,0
2026-07-24,D0EDxytksrQ,JJK Terms You've Been Mixing Up This Whole Time #jujutsukaisen  #jjk  #anime,"Aug 8, 2026",34,0
2026-07-25,D0EDxytksrQ,JJK Terms You've Been Mixing Up This Whole Time #jujutsukaisen  #jjk  #anime,"Aug 8, 2026",34,0
2026-07-26,D0EDxytksrQ,JJK Terms You've Been Mixing Up This Whole Time #jujutsukaisen  #jjk  #anime,"Aug 8, 2026",34,0
2026-07-27,D0EDxytksrQ,JJK Terms You've Been Mixing Up This Whole Time #jujutsukaisen  #jjk  #anime,"Aug 8, 2026",34,0
2026-07-28,D0EDxytksrQ,JJK Terms You've Been Mixing Up This Whole Time #jujutsukaisen  #jjk  #anime,"Aug 8, 2026",34,0
2026-07-29,D0EDxytksrQ,JJK Terms You've Been Mixing Up This Whole Time #jujutsukaisen  #jjk  #anime,"Aug 8, 2026",34,0
2026-07-30,D0EDxytksrQ,JJK Terms You've Been Mixing Up This Whole Time #jujutsukaisen  #jjk  #anime,"Aug 8, 2026",34,0
2026-07-31,D0EDxytksrQ,JJK Terms You've Been Mixing Up This Whole Time #jujutsukaisen  #jjk  #anime,"Aug 8, 2026",34,0
2026-08-01,D0EDxytksrQ,JJK Terms You've Been Mixing Up This Whole Time #jujutsukaisen  #jjk  #anime,"Aug 8, 2026",34,0
2026-08-02,D0EDxytksrQ,JJK Terms You've Been Mixing Up This Whole Time #jujutsukaisen  #jjk  #anime,"Aug 8, 2026",34,0
2026-08-03,D0EDxytksrQ,JJK Terms You've Been Mixing Up This Whole Time #jujutsukaisen  #jjk  #anime,"Aug 8, 2026",34,0
2026-08-04,D0EDxytksrQ,JJK Terms You've Been Mixing Up This Whole Time #jujutsukaisen  #jjk  #anime,"Aug 8, 2026",34,0
2026-08-05,D0EDxytksrQ,JJK Terms You've Been Mixing Up This Whole Time #jujutsukaisen  #jjk  #anime,"Aug 8, 2026",34,0
2026-08-06,D0EDxytksrQ,JJK Terms You've Been Mixing Up This Whole Time #jujutsukaisen  #jjk  #anime,"Aug 8, 2026",34,0
2026-08-07,D0EDxytksrQ,JJK Terms You've Been Mixing Up This Whole Time #jujutsukaisen  #jjk  #anime,"Aug 8, 2026",34,0
2026-08-08,D0EDxytksrQ,JJK Terms You've Been Mixing Up This Whole Time #jujutsukaisen  #jjk  #anime,"Aug 8, 2026",34,4543
2026-08-09,D0EDxytksrQ,JJK Terms You've Been Mixing Up This Whole Time #jujutsukaisen  #jjk  #anime,"Aug 8, 2026",34,7240
2026-08-10,D0EDxytksrQ,JJK Terms You've Been Mixing Up This Whole Time #jujutsukaisen  #jjk  #anime,"Aug 8, 2026",34,2509
2026-08-11,D0EDxytksrQ,JJK Terms You've Been Mixing Up This Whole Time #jujutsukaisen  #jjk  #anime,"Aug 8, 2026",34,93
2026-08-12,D0EDxytksrQ,JJK Terms You've Been Mixing Up This Whole Time #jujutsukaisen  #jjk  #anime,"Aug 8, 2026",34,157
2026-07-16,SS_Whsrltyw,Marvel & DC Terms You've Been Mixing Up 😳 #marvel #dc #shorts,"Aug 7, 2026",35,0
2026-07-17,SS_Whsrltyw,Marvel & DC Terms You've Been Mixing Up 😳 #marvel #dc #shorts,"Aug 7, 2026",35,0
2026-07-18,SS_Whsrltyw,Marvel & DC Terms You've Been Mixing Up 😳 #marvel #dc #shorts,"Aug 7, 2026",35,0
2026-07-19,SS_Whsrltyw,Marvel & DC Terms You've Been Mixing Up 😳 #marvel #dc #shorts,"Aug 7, 2026",35,0
2026-07-20,SS_Whsrltyw,Marvel & DC Terms You've Been Mixing Up 😳 #marvel #dc #shorts,"Aug 7, 2026",35,0
2026-07-21,SS_Whsrltyw,Marvel & DC Terms You've Been Mixing Up 😳 #marvel #dc #shorts,"Aug 7, 2026",35,0
2026-07-22,SS_Whsrltyw,Marvel & DC Terms You've Been Mixing Up 😳 #marvel #dc #shorts,"Aug 7, 2026",35,0
2026-07-23,SS_Whsrltyw,Marvel & DC Terms You've Been Mixing Up 😳 #marvel #dc #shorts,"Aug 7, 2026",35,0
2026-07-24,SS_Whsrltyw,Marvel & DC Terms You've Been Mixing Up 😳 #marvel #dc #shorts,"Aug 7, 2026",35,0
2026-07-25,SS_Whsrltyw,Marvel & DC Terms You've Been Mixing Up 😳 #marvel #dc #shorts,"Aug 7, 2026",35,0
2026-07-26,SS_Whsrltyw,Marvel & DC Terms You've Been Mixing Up 😳 #marvel #dc #shorts,"Aug 7, 2026",35,0
2026-07-27,SS_Whsrltyw,Marvel & DC Terms You've Been Mixing Up 😳 #marvel #dc #shorts,"Aug 7, 2026",35,0
2026-07-28,SS_Whsrltyw,Marvel & DC Terms You've Been Mixing Up 😳 #marvel #dc #shorts,"Aug 7, 2026",35,0
2026-07-29,SS_Whsrltyw,Marvel & DC Terms You've Been Mixing Up 😳 #marvel #dc #shorts,"Aug 7, 2026",35,0
2026-07-30,SS_Whsrltyw,Marvel & DC Terms You've Been Mixing Up 😳 #marvel #dc #shorts,"Aug 7, 2026",35,0
2026-07-31,SS_Whsrltyw,Marvel & DC Terms You've Been Mixing Up 😳 #marvel #dc #shorts,"Aug 7, 2026",35,0
2026-08-01,SS_Whsrltyw,Marvel & DC Terms You've Been Mixing Up 😳 #marvel #dc #shorts,"Aug 7, 2026",35,0
2026-08-02,SS_Whsrltyw,Marvel & DC Terms You've Been Mixing Up 😳 #marvel #dc #shorts,"Aug 7, 2026",35,0
2026-08-03,SS_Whsrltyw,Marvel & DC Terms You've Been Mixing Up 😳 #marvel #dc #shorts,"Aug 7, 2026",35,0
2026-08-04,SS_Whsrltyw,Marvel & DC Terms You've Been Mixing Up 😳 #marvel #dc #shorts,"Aug 7, 2026",35,0
2026-08-05,SS_Whsrltyw,Marvel & DC Terms You've Been Mixing Up 😳 #marvel #dc #shorts,"Aug 7, 2026",35,0
2026-08-06,SS_Whsrltyw,Marvel & DC Terms You've Been Mixing Up 😳 #marvel #dc #shorts,"Aug 7, 2026",35,0
2026-08-07,SS_Whsrltyw,Marvel & DC Terms You've Been Mixing Up 😳 #marvel #dc #shorts,"Aug 7, 2026",35,11093
2026-08-08,SS_Whsrltyw,Marvel & DC Terms You've Been Mixing Up 😳 #marvel #dc #shorts,"Aug 7, 2026",35,4017
2026-08-09,SS_Whsrltyw,Marvel & DC Terms You've Been Mixing Up 😳 #marvel #dc #shorts,"Aug 7, 2026",35,163
2026-08-10,SS_Whsrltyw,Marvel & DC Terms You've Been Mixing Up 😳 #marvel #dc #shorts,"Aug 7, 2026",35,175
2026-08-11,SS_Whsrltyw,Marvel & DC Terms You've Been Mixing Up 😳 #marvel #dc #shorts,"Aug 7, 2026",35,62
2026-08-12,SS_Whsrltyw,Marvel & DC Terms You've Been Mixing Up 😳 #marvel #dc #shorts,"Aug 7, 2026",35,234
2026-07-16,fUDVc6_tkJA,Same Powers? Not Even Close. 🤯 #dc #superman #shazam #knowthedifference,"Aug 4, 2026",30,0
2026-07-17,fUDVc6_tkJA,Same Powers? Not Even Close. 🤯 #dc #superman #shazam #knowthedifference,"Aug 4, 2026",30,0
2026-07-18,fUDVc6_tkJA,Same Powers? Not Even Close. 🤯 #dc #superman #shazam #knowthedifference,"Aug 4, 2026",30,0
2026-07-19,fUDVc6_tkJA,Same Powers? Not Even Close. 🤯 #dc #superman #shazam #knowthedifference,"Aug 4, 2026",30,0
2026-07-20,fUDVc6_tkJA,Same Powers? Not Even Close. 🤯 #dc #superman #shazam #knowthedifference,"Aug 4, 2026",30,0
2026-07-21,fUDVc6_tkJA,Same Powers? Not Even Close. 🤯 #dc #superman #shazam #knowthedifference,"Aug 4, 2026",30,0
2026-07-22,fUDVc6_tkJA,Same Powers? Not Even Close. 🤯 #dc #superman #shazam #knowthedifference,"Aug 4, 2026",30,0
2026-07-23,fUDVc6_tkJA,Same Powers? Not Even Close. 🤯 #dc #superman #shazam #knowthedifference,"Aug 4, 2026",30,0
2026-07-24,fUDVc6_tkJA,Same Powers? Not Even Close. 🤯 #dc #superman #shazam #knowthedifference,"Aug 4, 2026",30,0
2026-07-25,fUDVc6_tkJA,Same Powers? Not Even Close. 🤯 #dc #superman #shazam #knowthedifference,"Aug 4, 2026",30,0
2026-07-26,fUDVc6_tkJA,Same Powers? Not Even Close. 🤯 #dc #superman #shazam #knowthedifference,"Aug 4, 2026",30,0
2026-07-27,fUDVc6_tkJA,Same Powers? Not Even Close. 🤯 #dc #superman #shazam #knowthedifference,"Aug 4, 2026",30,0
2026-07-28,fUDVc6_tkJA,Same Powers? Not Even Close. 🤯 #dc #superman #shazam #knowthedifference,"Aug 4, 2026",30,0
2026-07-29,fUDVc6_tkJA,Same Powers? Not Even Close. 🤯 #dc #superman #shazam #knowthedifference,"Aug 4, 2026",30,0
2026-07-30,fUDVc6_tkJA,Same Powers? Not Even Close. 🤯 #dc #superman #shazam #knowthedifference,"Aug 4, 2026",30,0
2026-07-31,fUDVc6_tkJA,Same Powers? Not Even Close. 🤯 #dc #superman #shazam #knowthedifference,"Aug 4, 2026",30,0
2026-08-01,fUDVc6_tkJA,Same Powers? Not Even Close. 🤯 #dc #superman #shazam #knowthedifference,"Aug 4, 2026",30,0
2026-08-02,fUDVc6_tkJA,Same Powers? Not Even Close. 🤯 #dc #superman #shazam #knowthedifference,"Aug 4, 2026",30,0
2026-08-03,fUDVc6_tkJA,Same Powers? Not Even Close. 🤯 #dc #superman #shazam #knowthedifference,"Aug 4, 2026",30,0
2026-08-04,fUDVc6_tkJA,Same Powers? Not Even Close. 🤯 #dc #superman #shazam #knowthedifference,"Aug 4, 2026",30,3591
2026-08-05,fUDVc6_tkJA,Same Powers? Not Even Close. 🤯 #dc #superman #shazam #knowthedifference,"Aug 4, 2026",30,1950
2026-08-06,fUDVc6_tkJA,Same Powers? Not Even Close. 🤯 #dc #superman #shazam #knowthedifference,"Aug 4, 2026",30,9682
2026-08-07,fUDVc6_tkJA,Same Powers? Not Even Close. 🤯 #dc #superman #shazam #knowthedifference,"Aug 4, 2026",30,106
2026-08-08,fUDVc6_tkJA,Same Powers? Not Even Close. 🤯 #dc #superman #shazam #knowthedifference,"Aug 4, 2026",30,144
2026-08-09,fUDVc6_tkJA,Same Powers? Not Even Close. 🤯 #dc #superman #shazam #knowthedifference,"Aug 4, 2026",30,121
2026-08-10,fUDVc6_tkJA,Same Powers? Not Even Close. 🤯 #dc #superman #shazam #knowthedifference,"Aug 4, 2026",30,28
2026-08-11,fUDVc6_tkJA,Same Powers? Not Even Close. 🤯 #dc #superman #shazam #knowthedifference,"Aug 4, 2026",30,15
2026-08-12,fUDVc6_tkJA,Same Powers? Not Even Close. 🤯 #dc #superman #shazam #knowthedifference,"Aug 4, 2026",30,62
