Date,Geography,Average percentage viewed (%)
2026-07-16,AE,0
2026-07-17,AE,0
2026-07-18,AE,0
2026-07-19,AE,0
2026-07-20,AE,0
2026-07-21,AE,0
2026-07-22,AE,0
2026-07-23,AE,0
2026-07-24,AE,0
2026-07-25,AE,0
2026-07-26,AE,0
2026-07-27,AE,69.81
2026-07-28,AE,73.69
2026-07-29,AE,0
2026-07-30,AE,0
2026-07-31,AE,74.96
2026-08-01,AE,93.75
2026-08-02,AE,81.01
2026-08-03,AE,72.28
2026-08-04,AE,86.83
2026-08-05,AE,76.49
2026-08-06,AE,88.1
2026-08-07,AE,66.65
2026-08-08,AE,66.84
2026-08-09,AE,82.37
2026-08-10,AE,82.65
2026-08-11,AE,77.06
2026-08-12,AE,0
2026-07-16,AF,0
2026-07-17,AF,0
2026-07-18,AF,0
2026-07-19,AF,0
2026-07-20,AF,0
2026-07-21,AF,0
2026-07-22,AF,0
2026-07-23,AF,0
2026-07-24,AF,0
2026-07-25,AF,0
2026-07-26,AF,0
2026-07-27,AF,0
2026-07-28,AF,0
2026-07-29,AF,0
2026-07-30,AF,0
2026-07-31,AF,0
2026-08-01,AF,0
2026-08-02,AF,0
2026-08-03,AF,0
2026-08-04,AF,101.08
2026-08-05,AF,0
2026-08-06,AF,0
2026-08-07,AF,0
2026-08-08,AF,0
2026-08-09,AF,0
2026-08-10,AF,0
2026-08-11,AF,0
2026-08-12,AF,0
2026-07-16,AL,0
2026-07-17,AL,0
2026-07-18,AL,0
2026-07-19,AL,0
2026-07-20,AL,0
2026-07-21,AL,0
2026-07-22,AL,0
2026-07-23,AL,0
2026-07-24,AL,0
2026-07-25,AL,0
2026-07-26,AL,0
2026-07-27,AL,0
2026-07-28,AL,0
2026-07-29,AL,0
2026-07-30,AL,0
2026-07-31,AL,0
2026-08-01,AL,0
2026-08-02,AL,0
2026-08-03,AL,81.35
2026-08-04,AL,96.07
2026-08-05,AL,70.65
2026-08-06,AL,70.35
2026-08-07,AL,52.98
2026-08-08,AL,67.99
2026-08-09,AL,68.64
2026-08-10,AL,78.45
2026-08-11,AL,89.4
2026-08-12,AL,0
2026-07-16,AR,0
2026-07-17,AR,0
2026-07-18,AR,0
2026-07-19,AR,0
2026-07-20,AR,0
2026-07-21,AR,0
2026-07-22,AR,0
2026-07-23,AR,0
2026-07-24,AR,0
2026-07-25,AR,0
2026-07-26,AR,0
2026-07-27,AR,65.51
2026-07-28,AR,0
2026-07-29,AR,0
2026-07-30,AR,0
2026-07-31,AR,0
2026-08-01,AR,0
2026-08-02,AR,0
2026-08-03,AR,81.23
2026-08-04,AR,0
2026-08-05,AR,0
2026-08-06,AR,63.03
2026-08-07,AR,65.06
2026-08-08,AR,61.38
2026-08-09,AR,0
2026-08-10,AR,0
2026-08-11,AR,0
2026-08-12,AR,0
2026-07-16,AT,0
2026-07-17,AT,0
2026-07-18,AT,0
2026-07-19,AT,0
2026-07-20,AT,0
2026-07-21,AT,0
2026-07-22,AT,0
2026-07-23,AT,0
2026-07-24,AT,0
2026-07-25,AT,0
2026-07-26,AT,0
2026-07-27,AT,76.7
2026-07-28,AT,0
2026-07-29,AT,0
2026-07-30,AT,68.41
2026-07-31,AT,73.11
2026-08-01,AT,66.8
2026-08-02,AT,73.62
2026-08-03,AT,77.6
2026-08-04,AT,71.96
2026-08-05,AT,75.83
2026-08-06,AT,88.03
2026-08-07,AT,71.46
2026-08-08,AT,72.16
2026-08-09,AT,76.1
2026-08-10,AT,90.08
2026-08-11,AT,76.35
2026-08-12,AT,0
2026-07-16,AU,0
2026-07-17,AU,0
2026-07-18,AU,0
2026-07-19,AU,0
2026-07-20,AU,0
2026-07-21,AU,0
2026-07-22,AU,0
2026-07-23,AU,0
2026-07-24,AU,0
2026-07-25,AU,0
2026-07-26,AU,0
2026-07-27,AU,74.01
2026-07-28,AU,62.89
2026-07-29,AU,61.71
2026-07-30,AU,85.29
2026-07-31,AU,75.21
2026-08-01,AU,80.08
2026-08-02,AU,110.54
2026-08-03,AU,73.48
2026-08-04,AU,75.58
2026-08-05,AU,74.06
2026-08-06,AU,79.83
2026-08-07,AU,70.39
2026-08-08,AU,83.31
2026-08-09,AU,78.15
2026-08-10,AU,90.74
2026-08-11,AU,82.28
2026-08-12,AU,0
2026-07-16,AZ,0
2026-07-17,AZ,0
2026-07-18,AZ,0
2026-07-19,AZ,0
2026-07-20,AZ,0
2026-07-21,AZ,0
2026-07-22,AZ,0
2026-07-23,AZ,0
2026-07-24,AZ,0
2026-07-25,AZ,0
2026-07-26,AZ,0
2026-07-27,AZ,0
2026-07-28,AZ,0
2026-07-29,AZ,0
2026-07-30,AZ,0
2026-07-31,AZ,0
2026-08-01,AZ,0
2026-08-02,AZ,71.71
2026-08-03,AZ,0
2026-08-04,AZ,0
2026-08-05,AZ,0
2026-08-06,AZ,75.52
2026-08-07,AZ,0
2026-08-08,AZ,0
2026-08-09,AZ,0
2026-08-10,AZ,80.81
2026-08-11,AZ,0
2026-08-12,AZ,0
2026-07-16,BA,0
2026-07-17,BA,0
2026-07-18,BA,0
2026-07-19,BA,0
2026-07-20,BA,0
2026-07-21,BA,0
2026-07-22,BA,0
2026-07-23,BA,0
2026-07-24,BA,0
2026-07-25,BA,0
2026-07-26,BA,0
2026-07-27,BA,0
2026-07-28,BA,0
2026-07-29,BA,0
2026-07-30,BA,0
2026-07-31,BA,0
2026-08-01,BA,0
2026-08-02,BA,59.21
2026-08-03,BA,70.35
2026-08-04,BA,80.46
2026-08-05,BA,143.12
2026-08-06,BA,73.48
2026-08-07,BA,71.29
2026-08-08,BA,0
2026-08-09,BA,0
2026-08-10,BA,72.31
2026-08-11,BA,76.19
2026-08-12,BA,0
2026-07-16,BD,0
2026-07-17,BD,0
2026-07-18,BD,0
2026-07-19,BD,0
2026-07-20,BD,0
2026-07-21,BD,0
2026-07-22,BD,0
2026-07-23,BD,0
2026-07-24,BD,0
2026-07-25,BD,0
2026-07-26,BD,0
2026-07-27,BD,69.93
2026-07-28,BD,63.73
2026-07-29,BD,67.33
2026-07-30,BD,62.08
2026-07-31,BD,66.16
2026-08-01,BD,68.84
2026-08-02,BD,68.09
2026-08-03,BD,88.93
2026-08-04,BD,75.59
2026-08-05,BD,79.06
2026-08-06,BD,73.66
2026-08-07,BD,62.38
2026-08-08,BD,72.29
2026-08-09,BD,73.32
2026-08-10,BD,80.42
2026-08-11,BD,70.73
2026-08-12,BD,0
2026-07-16,BE,0
2026-07-17,BE,0
2026-07-18,BE,0
2026-07-19,BE,0
2026-07-20,BE,0
2026-07-21,BE,0
2026-07-22,BE,0
2026-07-23,BE,0
2026-07-24,BE,0
2026-07-25,BE,0
2026-07-26,BE,0
2026-07-27,BE,62.32
2026-07-28,BE,0
2026-07-29,BE,0
2026-07-30,BE,0
2026-07-31,BE,65.83
2026-08-01,BE,68.75
2026-08-02,BE,73.8
2026-08-03,BE,79.36
2026-08-04,BE,84.05
2026-08-05,BE,85.5
2026-08-06,BE,93.46
2026-08-07,BE,65.71
2026-08-08,BE,85.86
2026-08-09,BE,89.75
2026-08-10,BE,74.25
2026-08-11,BE,93.45
2026-08-12,BE,0
2026-07-16,BG,0
2026-07-17,BG,0
2026-07-18,BG,0
2026-07-19,BG,0
2026-07-20,BG,0
2026-07-21,BG,0
2026-07-22,BG,0
2026-07-23,BG,0
2026-07-24,BG,0
2026-07-25,BG,0
2026-07-26,BG,0
2026-07-27,BG,175.31
2026-07-28,BG,0
2026-07-29,BG,0
2026-07-30,BG,0
2026-07-31,BG,91.93
2026-08-01,BG,0
2026-08-02,BG,76.52
2026-08-03,BG,73.53
2026-08-04,BG,73.75
2026-08-05,BG,81.96
2026-08-06,BG,66.94
2026-08-07,BG,71.27
2026-08-08,BG,57.31
2026-08-09,BG,73.61
2026-08-10,BG,73.84
2026-08-11,BG,83.53
2026-08-12,BG,0
2026-07-16,BH,0
2026-07-17,BH,0
2026-07-18,BH,0
2026-07-19,BH,0
2026-07-20,BH,0
2026-07-21,BH,0
2026-07-22,BH,0
2026-07-23,BH,0
2026-07-24,BH,0
2026-07-25,BH,0
2026-07-26,BH,0
2026-07-27,BH,0
2026-07-28,BH,0
2026-07-29,BH,0
2026-07-30,BH,0
2026-07-31,BH,0
2026-08-01,BH,0
2026-08-02,BH,0
2026-08-03,BH,0
2026-08-04,BH,71.89
2026-08-05,BH,0
2026-08-06,BH,0
2026-08-07,BH,0
2026-08-08,BH,0
2026-08-09,BH,0
2026-08-10,BH,95.11
2026-08-11,BH,0
2026-08-12,BH,0
2026-07-16,BN,0
2026-07-17,BN,0
2026-07-18,BN,0
2026-07-19,BN,0
2026-07-20,BN,0
2026-07-21,BN,0
2026-07-22,BN,0
2026-07-23,BN,0
2026-07-24,BN,0
2026-07-25,BN,0
2026-07-26,BN,0
2026-07-27,BN,0
2026-07-28,BN,0
2026-07-29,BN,0
2026-07-30,BN,0
2026-07-31,BN,0
2026-08-01,BN,0
2026-08-02,BN,0
2026-08-03,BN,0
2026-08-04,BN,97.52
2026-08-05,BN,0
2026-08-06,BN,95.93
2026-08-07,BN,85.63
2026-08-08,BN,81.45
2026-08-09,BN,89.31
2026-08-10,BN,0
2026-08-11,BN,0
2026-08-12,BN,0
2026-07-16,BR,0
2026-07-17,BR,0
2026-07-18,BR,0
2026-07-19,BR,0
2026-07-20,BR,0
2026-07-21,BR,0
2026-07-22,BR,0
2026-07-23,BR,0
2026-07-24,BR,0
2026-07-25,BR,0
2026-07-26,BR,69.23
2026-07-27,BR,50.35
2026-07-28,BR,0
2026-07-29,BR,67.18
2026-07-30,BR,72.24
2026-07-31,BR,64.21
2026-08-01,BR,0
2026-08-02,BR,71.92
2026-08-03,BR,74.57
2026-08-04,BR,72.4
2026-08-05,BR,84.02
2026-08-06,BR,76.44
2026-08-07,BR,77.31
2026-08-08,BR,62.99
2026-08-09,BR,72.35
2026-08-10,BR,65.73
2026-08-11,BR,76.78
2026-08-12,BR,0
2026-07-16,BT,0
2026-07-17,BT,0
2026-07-18,BT,0
2026-07-19,BT,0
2026-07-20,BT,0
2026-07-21,BT,0
2026-07-22,BT,0
2026-07-23,BT,0
2026-07-24,BT,0
2026-07-25,BT,0
2026-07-26,BT,0
2026-07-27,BT,0
2026-07-28,BT,0
2026-07-29,BT,0
2026-07-30,BT,0
2026-07-31,BT,0
2026-08-01,BT,0
2026-08-02,BT,0
2026-08-03,BT,0
2026-08-04,BT,0
2026-08-05,BT,0
2026-08-06,BT,0
2026-08-07,BT,83.59
2026-08-08,BT,69.06
2026-08-09,BT,0
2026-08-10,BT,0
2026-08-11,BT,0
2026-08-12,BT,0
2026-07-16,BW,0
2026-07-17,BW,0
2026-07-18,BW,0
2026-07-19,BW,0
2026-07-20,BW,0
2026-07-21,BW,0
2026-07-22,BW,0
2026-07-23,BW,0
2026-07-24,BW,0
2026-07-25,BW,0
2026-07-26,BW,0
2026-07-27,BW,0
2026-07-28,BW,0
2026-07-29,BW,0
2026-07-30,BW,0
2026-07-31,BW,0
2026-08-01,BW,0
2026-08-02,BW,0
2026-08-03,BW,0
2026-08-04,BW,0
2026-08-05,BW,0
2026-08-06,BW,77.1
2026-08-07,BW,79.49
2026-08-08,BW,0
2026-08-09,BW,0
2026-08-10,BW,0
2026-08-11,BW,0
2026-08-12,BW,0
2026-07-16,CA,0
2026-07-17,CA,0
2026-07-18,CA,0
2026-07-19,CA,0
2026-07-20,CA,0
2026-07-21,CA,0
2026-07-22,CA,0
2026-07-23,CA,0
2026-07-24,CA,0
2026-07-25,CA,0
2026-07-26,CA,58.12
2026-07-27,CA,76.55
2026-07-28,CA,62.17
2026-07-29,CA,61.03
2026-07-30,CA,69.69
2026-07-31,CA,80.1
2026-08-01,CA,84.11
2026-08-02,CA,74.3
2026-08-03,CA,130.09
2026-08-04,CA,76.78
2026-08-05,CA,73.03
2026-08-06,CA,94.39
2026-08-07,CA,74.74
2026-08-08,CA,79.65
2026-08-09,CA,81.33
2026-08-10,CA,82.45
2026-08-11,CA,72.73
2026-08-12,CA,0
2026-07-16,CH,0
2026-07-17,CH,0
2026-07-18,CH,0
2026-07-19,CH,0
2026-07-20,CH,0
2026-07-21,CH,0
2026-07-22,CH,0
2026-07-23,CH,0
2026-07-24,CH,0
2026-07-25,CH,0
2026-07-26,CH,0
2026-07-27,CH,84.59
2026-07-28,CH,0
2026-07-29,CH,0
2026-07-30,CH,0
2026-07-31,CH,74.07
2026-08-01,CH,131.44
2026-08-02,CH,76.91
2026-08-03,CH,72.83
2026-08-04,CH,59.34
2026-08-05,CH,67.49
2026-08-06,CH,80.27
2026-08-07,CH,69.41
2026-08-08,CH,94.62
2026-08-09,CH,81.94
2026-08-10,CH,75.19
2026-08-11,CH,73.07
2026-08-12,CH,0
2026-07-16,CL,0
2026-07-17,CL,0
2026-07-18,CL,0
2026-07-19,CL,0
2026-07-20,CL,0
2026-07-21,CL,0
2026-07-22,CL,0
2026-07-23,CL,0
2026-07-24,CL,0
2026-07-25,CL,0
2026-07-26,CL,0
2026-07-27,CL,45.55
2026-07-28,CL,0
2026-07-29,CL,0
2026-07-30,CL,0
2026-07-31,CL,0
2026-08-01,CL,0
2026-08-02,CL,0
2026-08-03,CL,0
2026-08-04,CL,73.91
2026-08-05,CL,0
2026-08-06,CL,0
2026-08-07,CL,55.18
2026-08-08,CL,45.2
2026-08-09,CL,0
2026-08-10,CL,77.08
2026-08-11,CL,0
2026-08-12,CL,0
2026-07-16,CN,0
2026-07-17,CN,0
2026-07-18,CN,0
2026-07-19,CN,0
2026-07-20,CN,0
2026-07-21,CN,0
2026-07-22,CN,0
2026-07-23,CN,0
2026-07-24,CN,0
2026-07-25,CN,0
2026-07-26,CN,0
2026-07-27,CN,0
2026-07-28,CN,0
2026-07-29,CN,0
2026-07-30,CN,0
2026-07-31,CN,0
2026-08-01,CN,0
2026-08-02,CN,0
2026-08-03,CN,0
2026-08-04,CN,66.18
2026-08-05,CN,0
2026-08-06,CN,0
2026-08-07,CN,0
2026-08-08,CN,0
2026-08-09,CN,88.89
2026-08-10,CN,0
2026-08-11,CN,0
2026-08-12,CN,0
2026-07-16,CO,0
2026-07-17,CO,0
2026-07-18,CO,0
2026-07-19,CO,0
2026-07-20,CO,0
2026-07-21,CO,0
2026-07-22,CO,0
2026-07-23,CO,0
2026-07-24,CO,0
2026-07-25,CO,0
2026-07-26,CO,0
2026-07-27,CO,74.53
2026-07-28,CO,0
2026-07-29,CO,0
2026-07-30,CO,0
2026-07-31,CO,0
2026-08-01,CO,0
2026-08-02,CO,0
2026-08-03,CO,0
2026-08-04,CO,0
2026-08-05,CO,0
2026-08-06,CO,0
2026-08-07,CO,61.74
2026-08-08,CO,76.06
2026-08-09,CO,91.38
2026-08-10,CO,0
2026-08-11,CO,0
2026-08-12,CO,0
2026-07-16,CR,0
2026-07-17,CR,0
2026-07-18,CR,0
2026-07-19,CR,0
2026-07-20,CR,0
2026-07-21,CR,0
2026-07-22,CR,0
2026-07-23,CR,0
2026-07-24,CR,0
2026-07-25,CR,0
2026-07-26,CR,0
2026-07-27,CR,0
2026-07-28,CR,0
2026-07-29,CR,0
2026-07-30,CR,0
2026-07-31,CR,0
2026-08-01,CR,0
2026-08-02,CR,0
2026-08-03,CR,0
2026-08-04,CR,0
2026-08-05,CR,0
2026-08-06,CR,0
2026-08-07,CR,71.82
2026-08-08,CR,0
2026-08-09,CR,0
2026-08-10,CR,0
2026-08-11,CR,0
2026-08-12,CR,0
2026-07-16,CY,0
2026-07-17,CY,0
2026-07-18,CY,0
2026-07-19,CY,0
2026-07-20,CY,0
2026-07-21,CY,0
2026-07-22,CY,0
2026-07-23,CY,0
2026-07-24,CY,0
2026-07-25,CY,0
2026-07-26,CY,0
2026-07-27,CY,0
2026-07-28,CY,0
2026-07-29,CY,0
2026-07-30,CY,0
2026-07-31,CY,0
2026-08-01,CY,0
2026-08-02,CY,0
2026-08-03,CY,0
2026-08-04,CY,59.37
2026-08-05,CY,0
2026-08-06,CY,97.92
2026-08-07,CY,0
2026-08-08,CY,0
2026-08-09,CY,0
2026-08-10,CY,0
2026-08-11,CY,0
2026-08-12,CY,0
2026-07-16,CZ,0
2026-07-17,CZ,0
2026-07-18,CZ,0
2026-07-19,CZ,0
2026-07-20,CZ,0
2026-07-21,CZ,0
2026-07-22,CZ,0
2026-07-23,CZ,0
2026-07-24,CZ,0
2026-07-25,CZ,0
2026-07-26,CZ,0
2026-07-27,CZ,70.39
2026-07-28,CZ,52.02
2026-07-29,CZ,0
2026-07-30,CZ,54.45
2026-07-31,CZ,76.95
2026-08-01,CZ,83.91
2026-08-02,CZ,80.43
2026-08-03,CZ,76.54
2026-08-04,CZ,82.6
2026-08-05,CZ,73.18
2026-08-06,CZ,88.06
2026-08-07,CZ,66.23
2026-08-08,CZ,64.13
2026-08-09,CZ,116.66
2026-08-10,CZ,78.78
2026-08-11,CZ,78
2026-08-12,CZ,0
2026-07-16,DE,0
2026-07-17,DE,0
2026-07-18,DE,0
2026-07-19,DE,0
2026-07-20,DE,0
2026-07-21,DE,0
2026-07-22,DE,0
2026-07-23,DE,0
2026-07-24,DE,0
2026-07-25,DE,0
2026-07-26,DE,57.44
2026-07-27,DE,70.32
2026-07-28,DE,71.93
2026-07-29,DE,60.91
2026-07-30,DE,67.56
2026-07-31,DE,116.47
2026-08-01,DE,84.53
2026-08-02,DE,75.4
2026-08-03,DE,76.93
2026-08-04,DE,76.36
2026-08-05,DE,74.48
2026-08-06,DE,82.83
2026-08-07,DE,108.91
2026-08-08,DE,77.03
2026-08-09,DE,80.17
2026-08-10,DE,83.69
2026-08-11,DE,107.5
2026-08-12,DE,0
2026-07-16,DK,0
2026-07-17,DK,0
2026-07-18,DK,0
2026-07-19,DK,0
2026-07-20,DK,0
2026-07-21,DK,0
2026-07-22,DK,0
2026-07-23,DK,0
2026-07-24,DK,0
2026-07-25,DK,0
2026-07-26,DK,0
2026-07-27,DK,72.76
2026-07-28,DK,0
2026-07-29,DK,0
2026-07-30,DK,86.79
2026-07-31,DK,80.71
2026-08-01,DK,240.27
2026-08-02,DK,75.28
2026-08-03,DK,131.56
2026-08-04,DK,77.05
2026-08-05,DK,68.52
2026-08-06,DK,81.59
2026-08-07,DK,63.92
2026-08-08,DK,69.56
2026-08-09,DK,74.4
2026-08-10,DK,87.4
2026-08-11,DK,84.37
2026-08-12,DK,0
2026-07-16,DO,0
2026-07-17,DO,0
2026-07-18,DO,0
2026-07-19,DO,0
2026-07-20,DO,0
2026-07-21,DO,0
2026-07-22,DO,0
2026-07-23,DO,0
2026-07-24,DO,0
2026-07-25,DO,0
2026-07-26,DO,0
2026-07-27,DO,0
2026-07-28,DO,0
2026-07-29,DO,0
2026-07-30,DO,0
2026-07-31,DO,0
2026-08-01,DO,0
2026-08-02,DO,0
2026-08-03,DO,0
2026-08-04,DO,0
2026-08-05,DO,0
2026-08-06,DO,0
2026-08-07,DO,87.47
2026-08-08,DO,0
2026-08-09,DO,0
2026-08-10,DO,0
2026-08-11,DO,0
2026-08-12,DO,0
2026-07-16,DZ,0
2026-07-17,DZ,0
2026-07-18,DZ,0
2026-07-19,DZ,0
2026-07-20,DZ,0
2026-07-21,DZ,0
2026-07-22,DZ,0
2026-07-23,DZ,0
2026-07-24,DZ,0
2026-07-25,DZ,0
2026-07-26,DZ,0
2026-07-27,DZ,75.94
2026-07-28,DZ,0
2026-07-29,DZ,0
2026-07-30,DZ,0
2026-07-31,DZ,0
2026-08-01,DZ,0
2026-08-02,DZ,82.27
2026-08-03,DZ,89.93
2026-08-04,DZ,65.59
2026-08-05,DZ,68.74
2026-08-06,DZ,73.41
2026-08-07,DZ,62.5
2026-08-08,DZ,62.21
2026-08-09,DZ,0
2026-08-10,DZ,69.59
2026-08-11,DZ,68.32
2026-08-12,DZ,0
2026-07-16,EE,0
2026-07-17,EE,0
2026-07-18,EE,0
2026-07-19,EE,0
2026-07-20,EE,0
2026-07-21,EE,0
2026-07-22,EE,0
2026-07-23,EE,0
2026-07-24,EE,0
2026-07-25,EE,0
2026-07-26,EE,0
2026-07-27,EE,76.35
2026-07-28,EE,0
2026-07-29,EE,0
2026-07-30,EE,0
2026-07-31,EE,0
2026-08-01,EE,0
2026-08-02,EE,0
2026-08-03,EE,63.46
2026-08-04,EE,0
2026-08-05,EE,0
2026-08-06,EE,74.2
2026-08-07,EE,0
2026-08-08,EE,0
2026-08-09,EE,71
2026-08-10,EE,66.09
2026-08-11,EE,0
2026-08-12,EE,0
2026-07-16,EG,0
2026-07-17,EG,0
2026-07-18,EG,0
2026-07-19,EG,0
2026-07-20,EG,0
2026-07-21,EG,0
2026-07-22,EG,0
2026-07-23,EG,0
2026-07-24,EG,0
2026-07-25,EG,0
2026-07-26,EG,0
2026-07-27,EG,130.3
2026-07-28,EG,54.72
2026-07-29,EG,0
2026-07-30,EG,0
2026-07-31,EG,72.85
2026-08-01,EG,87.22
2026-08-02,EG,138.63
2026-08-03,EG,64.24
2026-08-04,EG,92.99
2026-08-05,EG,77.9
2026-08-06,EG,74.8
2026-08-07,EG,64.44
2026-08-08,EG,81.18
2026-08-09,EG,74.06
2026-08-10,EG,71.33
2026-08-11,EG,80.32
2026-08-12,EG,0
2026-07-16,ES,0
2026-07-17,ES,0
2026-07-18,ES,0
2026-07-19,ES,0
2026-07-20,ES,0
2026-07-21,ES,0
2026-07-22,ES,0
2026-07-23,ES,0
2026-07-24,ES,0
2026-07-25,ES,0
2026-07-26,ES,0
2026-07-27,ES,73.94
2026-07-28,ES,75.91
2026-07-29,ES,0
2026-07-30,ES,0
2026-07-31,ES,77.62
2026-08-01,ES,0
2026-08-02,ES,72.62
2026-08-03,ES,82.32
2026-08-04,ES,72.98
2026-08-05,ES,82.77
2026-08-06,ES,84.83
2026-08-07,ES,67.86
2026-08-08,ES,68.63
2026-08-09,ES,67.48
2026-08-10,ES,86.65
2026-08-11,ES,84.02
2026-08-12,ES,0
2026-07-16,ET,0
2026-07-17,ET,0
2026-07-18,ET,0
2026-07-19,ET,0
2026-07-20,ET,0
2026-07-21,ET,0
2026-07-22,ET,0
2026-07-23,ET,0
2026-07-24,ET,0
2026-07-25,ET,0
2026-07-26,ET,0
2026-07-27,ET,63.38
2026-07-28,ET,0
2026-07-29,ET,0
2026-07-30,ET,0
2026-07-31,ET,0
2026-08-01,ET,0
2026-08-02,ET,67.94
2026-08-03,ET,66.18
2026-08-04,ET,84.65
2026-08-05,ET,0
2026-08-06,ET,71
2026-08-07,ET,64.28
2026-08-08,ET,64.19
2026-08-09,ET,0
2026-08-10,ET,108.26
2026-08-11,ET,0
2026-08-12,ET,0
2026-07-16,FI,0
2026-07-17,FI,0
2026-07-18,FI,0
2026-07-19,FI,0
2026-07-20,FI,0
2026-07-21,FI,0
2026-07-22,FI,0
2026-07-23,FI,0
2026-07-24,FI,0
2026-07-25,FI,0
2026-07-26,FI,0
2026-07-27,FI,63.72
2026-07-28,FI,58.85
2026-07-29,FI,0
2026-07-30,FI,78.21
2026-07-31,FI,107.63
2026-08-01,FI,0
2026-08-02,FI,79.23
2026-08-03,FI,73.17
2026-08-04,FI,69.05
2026-08-05,FI,66.87
2026-08-06,FI,77.98
2026-08-07,FI,69.88
2026-08-08,FI,93.59
2026-08-09,FI,91.2
2026-08-10,FI,117.28
2026-08-11,FI,89.09
2026-08-12,FI,0
2026-07-16,FJ,0
2026-07-17,FJ,0
2026-07-18,FJ,0
2026-07-19,FJ,0
2026-07-20,FJ,0
2026-07-21,FJ,0
2026-07-22,FJ,0
2026-07-23,FJ,0
2026-07-24,FJ,0
2026-07-25,FJ,0
2026-07-26,FJ,0
2026-07-27,FJ,0
2026-07-28,FJ,0
2026-07-29,FJ,0
2026-07-30,FJ,0
2026-07-31,FJ,0
2026-08-01,FJ,0
2026-08-02,FJ,0
2026-08-03,FJ,0
2026-08-04,FJ,67.98
2026-08-05,FJ,0
2026-08-06,FJ,70.98
2026-08-07,FJ,0
2026-08-08,FJ,0
2026-08-09,FJ,0
2026-08-10,FJ,0
2026-08-11,FJ,0
2026-08-12,FJ,0
2026-07-16,FR,0
2026-07-17,FR,0
2026-07-18,FR,0
2026-07-19,FR,0
2026-07-20,FR,0
2026-07-21,FR,0
2026-07-22,FR,0
2026-07-23,FR,0
2026-07-24,FR,0
2026-07-25,FR,0
2026-07-26,FR,0
2026-07-27,FR,62.92
2026-07-28,FR,0
2026-07-29,FR,0
2026-07-30,FR,0
2026-07-31,FR,81.1
2026-08-01,FR,76.83
2026-08-02,FR,76.35
2026-08-03,FR,69.38
2026-08-04,FR,75.52
2026-08-05,FR,80.17
2026-08-06,FR,85
2026-08-07,FR,74.27
2026-08-08,FR,70.54
2026-08-09,FR,76.5
2026-08-10,FR,82.74
2026-08-11,FR,76.85
2026-08-12,FR,0
2026-07-16,GB,0
2026-07-17,GB,0
2026-07-18,GB,0
2026-07-19,GB,0
2026-07-20,GB,0
2026-07-21,GB,0
2026-07-22,GB,0
2026-07-23,GB,0
2026-07-24,GB,0
2026-07-25,GB,0
2026-07-26,GB,44.51
2026-07-27,GB,70.21
2026-07-28,GB,60.25
2026-07-29,GB,56.99
2026-07-30,GB,69.67
2026-07-31,GB,77.7
2026-08-01,GB,78.73
2026-08-02,GB,86.14
2026-08-03,GB,79.89
2026-08-04,GB,80.97
2026-08-05,GB,75.6
2026-08-06,GB,89.21
2026-08-07,GB,73.4
2026-08-08,GB,78.46
2026-08-09,GB,86.13
2026-08-10,GB,83.36
2026-08-11,GB,81.48
2026-08-12,GB,0
2026-07-16,GD,0
2026-07-17,GD,0
2026-07-18,GD,0
2026-07-19,GD,0
2026-07-20,GD,0
2026-07-21,GD,0
2026-07-22,GD,0
2026-07-23,GD,0
2026-07-24,GD,0
2026-07-25,GD,0
2026-07-26,GD,0
2026-07-27,GD,0
2026-07-28,GD,0
2026-07-29,GD,0
2026-07-30,GD,0
2026-07-31,GD,0
2026-08-01,GD,0
2026-08-02,GD,0
2026-08-03,GD,111.98
2026-08-04,GD,0
2026-08-05,GD,0
2026-08-06,GD,0
2026-08-07,GD,0
2026-08-08,GD,0
2026-08-09,GD,0
2026-08-10,GD,0
2026-08-11,GD,0
2026-08-12,GD,0
2026-07-16,GE,0
2026-07-17,GE,0
2026-07-18,GE,0
2026-07-19,GE,0
2026-07-20,GE,0
2026-07-21,GE,0
2026-07-22,GE,0
2026-07-23,GE,0
2026-07-24,GE,0
2026-07-25,GE,0
2026-07-26,GE,0
2026-07-27,GE,82.26
2026-07-28,GE,0
2026-07-29,GE,0
2026-07-30,GE,0
2026-07-31,GE,80.09
2026-08-01,GE,0
2026-08-02,GE,77.56
2026-08-03,GE,82.04
2026-08-04,GE,89.5
2026-08-05,GE,0
2026-08-06,GE,85.32
2026-08-07,GE,0
2026-08-08,GE,74.49
2026-08-09,GE,79.85
2026-08-10,GE,74.44
2026-08-11,GE,100.64
2026-08-12,GE,0
2026-07-16,GH,0
2026-07-17,GH,0
2026-07-18,GH,0
2026-07-19,GH,0
2026-07-20,GH,0
2026-07-21,GH,0
2026-07-22,GH,0
2026-07-23,GH,0
2026-07-24,GH,0
2026-07-25,GH,0
2026-07-26,GH,0
2026-07-27,GH,73.35
2026-07-28,GH,0
2026-07-29,GH,0
2026-07-30,GH,0
2026-07-31,GH,61.75
2026-08-01,GH,0
2026-08-02,GH,88.86
2026-08-03,GH,90.82
2026-08-04,GH,82.91
2026-08-05,GH,70.01
2026-08-06,GH,75.87
2026-08-07,GH,80.34
2026-08-08,GH,76.88
2026-08-09,GH,109.21
2026-08-10,GH,85.7
2026-08-11,GH,75.37
2026-08-12,GH,0
2026-07-16,GR,0
2026-07-17,GR,0
2026-07-18,GR,0
2026-07-19,GR,0
2026-07-20,GR,0
2026-07-21,GR,0
2026-07-22,GR,0
2026-07-23,GR,0
2026-07-24,GR,0
2026-07-25,GR,0
2026-07-26,GR,0
2026-07-27,GR,70.81
2026-07-28,GR,55.02
2026-07-29,GR,74.61
2026-07-30,GR,0
2026-07-31,GR,540.17
2026-08-01,GR,88.94
2026-08-02,GR,77.04
2026-08-03,GR,81.11
2026-08-04,GR,72.6
2026-08-05,GR,79.52
2026-08-06,GR,82.38
2026-08-07,GR,81.66
2026-08-08,GR,89.96
2026-08-09,GR,81.65
2026-08-10,GR,82.52
2026-08-11,GR,90.81
2026-08-12,GR,0
2026-07-16,GY,0
2026-07-17,GY,0
2026-07-18,GY,0
2026-07-19,GY,0
2026-07-20,GY,0
2026-07-21,GY,0
2026-07-22,GY,0
2026-07-23,GY,0
2026-07-24,GY,0
2026-07-25,GY,0
2026-07-26,GY,0
2026-07-27,GY,0
2026-07-28,GY,0
2026-07-29,GY,0
2026-07-30,GY,0
2026-07-31,GY,0
2026-08-01,GY,0
2026-08-02,GY,0
2026-08-03,GY,0
2026-08-04,GY,91.07
2026-08-05,GY,0
2026-08-06,GY,0
2026-08-07,GY,243.14
2026-08-08,GY,0
2026-08-09,GY,0
2026-08-10,GY,0
2026-08-11,GY,0
2026-08-12,GY,0
2026-07-16,HK,0
2026-07-17,HK,0
2026-07-18,HK,0
2026-07-19,HK,0
2026-07-20,HK,0
2026-07-21,HK,0
2026-07-22,HK,0
2026-07-23,HK,0
2026-07-24,HK,0
2026-07-25,HK,0
2026-07-26,HK,0
2026-07-27,HK,95.39
2026-07-28,HK,61.33
2026-07-29,HK,0
2026-07-30,HK,0
2026-07-31,HK,69.36
2026-08-01,HK,0
2026-08-02,HK,69.24
2026-08-03,HK,87.03
2026-08-04,HK,63.8
2026-08-05,HK,84.32
2026-08-06,HK,127.64
2026-08-07,HK,78.15
2026-08-08,HK,90.74
2026-08-09,HK,83.73
2026-08-10,HK,80.42
2026-08-11,HK,67.1
2026-08-12,HK,0
2026-07-16,HR,0
2026-07-17,HR,0
2026-07-18,HR,0
2026-07-19,HR,0
2026-07-20,HR,0
2026-07-21,HR,0
2026-07-22,HR,0
2026-07-23,HR,0
2026-07-24,HR,0
2026-07-25,HR,0
2026-07-26,HR,0
2026-07-27,HR,82.88
2026-07-28,HR,0
2026-07-29,HR,0
2026-07-30,HR,0
2026-07-31,HR,0
2026-08-01,HR,0
2026-08-02,HR,74.93
2026-08-03,HR,73.04
2026-08-04,HR,80.19
2026-08-05,HR,0
2026-08-06,HR,67.89
2026-08-07,HR,50.31
2026-08-08,HR,80.41
2026-08-09,HR,74.48
2026-08-10,HR,97.04
2026-08-11,HR,55.61
2026-08-12,HR,0
2026-07-16,HU,0
2026-07-17,HU,0
2026-07-18,HU,0
2026-07-19,HU,0
2026-07-20,HU,0
2026-07-21,HU,0
2026-07-22,HU,0
2026-07-23,HU,0
2026-07-24,HU,0
2026-07-25,HU,0
2026-07-26,HU,0
2026-07-27,HU,59.7
2026-07-28,HU,52.1
2026-07-29,HU,0
2026-07-30,HU,0
2026-07-31,HU,84.75
2026-08-01,HU,77.7
2026-08-02,HU,76.24
2026-08-03,HU,215.62
2026-08-04,HU,73.49
2026-08-05,HU,67.72
2026-08-06,HU,77.72
2026-08-07,HU,64.17
2026-08-08,HU,52.64
2026-08-09,HU,91.19
2026-08-10,HU,88.09
2026-08-11,HU,75.84
2026-08-12,HU,0
2026-07-16,ID,0
2026-07-17,ID,0
2026-07-18,ID,0
2026-07-19,ID,0
2026-07-20,ID,0
2026-07-21,ID,0
2026-07-22,ID,0
2026-07-23,ID,0
2026-07-24,ID,0
2026-07-25,ID,0
2026-07-26,ID,51.78
2026-07-27,ID,76.81
2026-07-28,ID,64.96
2026-07-29,ID,77.83
2026-07-30,ID,60.68
2026-07-31,ID,193.97
2026-08-01,ID,84.82
2026-08-02,ID,92.59
2026-08-03,ID,106.4
2026-08-04,ID,85.86
2026-08-05,ID,77.33
2026-08-06,ID,80.42
2026-08-07,ID,77.49
2026-08-08,ID,75.45
2026-08-09,ID,82.14
2026-08-10,ID,88.53
2026-08-11,ID,82.91
2026-08-12,ID,0
2026-07-16,IE,0
2026-07-17,IE,0
2026-07-18,IE,0
2026-07-19,IE,0
2026-07-20,IE,0
2026-07-21,IE,0
2026-07-22,IE,0
2026-07-23,IE,0
2026-07-24,IE,0
2026-07-25,IE,0
2026-07-26,IE,0
2026-07-27,IE,81.73
2026-07-28,IE,54.17
2026-07-29,IE,0
2026-07-30,IE,0
2026-07-31,IE,76.57
2026-08-01,IE,75.19
2026-08-02,IE,76.24
2026-08-03,IE,102.89
2026-08-04,IE,72.24
2026-08-05,IE,63.53
2026-08-06,IE,86.87
2026-08-07,IE,82.21
2026-08-08,IE,76.45
2026-08-09,IE,74.3
2026-08-10,IE,112.62
2026-08-11,IE,71.99
2026-08-12,IE,0
2026-07-16,IL,0
2026-07-17,IL,0
2026-07-18,IL,0
2026-07-19,IL,0
2026-07-20,IL,0
2026-07-21,IL,0
2026-07-22,IL,0
2026-07-23,IL,0
2026-07-24,IL,0
2026-07-25,IL,0
2026-07-26,IL,0
2026-07-27,IL,65.65
2026-07-28,IL,64.51
2026-07-29,IL,0
2026-07-30,IL,0
2026-07-31,IL,73.47
2026-08-01,IL,75.49
2026-08-02,IL,72.47
2026-08-03,IL,79.74
2026-08-04,IL,73.33
2026-08-05,IL,71.34
2026-08-06,IL,70.44
2026-08-07,IL,61.8
2026-08-08,IL,78.36
2026-08-09,IL,83.6
2026-08-10,IL,84.44
2026-08-11,IL,86.33
2026-08-12,IL,0
2026-07-16,IN,0
2026-07-17,IN,0
2026-07-18,IN,0
2026-07-19,IN,0
2026-07-20,IN,0
2026-07-21,IN,0
2026-07-22,IN,0
2026-07-23,IN,0
2026-07-24,IN,0
2026-07-25,IN,0
2026-07-26,IN,55.64
2026-07-27,IN,67.49
2026-07-28,IN,66.56
2026-07-29,IN,92.65
2026-07-30,IN,67.95
2026-07-31,IN,73.36
2026-08-01,IN,83.96
2026-08-02,IN,76.89
2026-08-03,IN,79.87
2026-08-04,IN,79.86
2026-08-05,IN,80.68
2026-08-06,IN,78.67
2026-08-07,IN,72.56
2026-08-08,IN,74.13
2026-08-09,IN,78.48
2026-08-10,IN,81.18
2026-08-11,IN,76.59
2026-08-12,IN,0
2026-07-16,IQ,0
2026-07-17,IQ,0
2026-07-18,IQ,0
2026-07-19,IQ,0
2026-07-20,IQ,0
2026-07-21,IQ,0
2026-07-22,IQ,0
2026-07-23,IQ,0
2026-07-24,IQ,0
2026-07-25,IQ,0
2026-07-26,IQ,0
2026-07-27,IQ,73.59
2026-07-28,IQ,60.53
2026-07-29,IQ,0
2026-07-30,IQ,0
2026-07-31,IQ,71.72
2026-08-01,IQ,0
2026-08-02,IQ,63.54
2026-08-03,IQ,89.74
2026-08-04,IQ,65.8
2026-08-05,IQ,79.05
2026-08-06,IQ,73.96
2026-08-07,IQ,66.1
2026-08-08,IQ,70.59
2026-08-09,IQ,83.24
2026-08-10,IQ,82.82
2026-08-11,IQ,64.46
2026-08-12,IQ,0
2026-07-16,IR,0
2026-07-17,IR,0
2026-07-18,IR,0
2026-07-19,IR,0
2026-07-20,IR,0
2026-07-21,IR,0
2026-07-22,IR,0
2026-07-23,IR,0
2026-07-24,IR,0
2026-07-25,IR,0
2026-07-26,IR,0
2026-07-27,IR,54.08
2026-07-28,IR,64.11
2026-07-29,IR,0
2026-07-30,IR,66
2026-07-31,IR,105.36
2026-08-01,IR,71.03
2026-08-02,IR,70.86
2026-08-03,IR,68.81
2026-08-04,IR,66.22
2026-08-05,IR,63.75
2026-08-06,IR,69.5
2026-08-07,IR,61.17
2026-08-08,IR,78.12
2026-08-09,IR,67.53
2026-08-10,IR,75.26
2026-08-11,IR,71.24
2026-08-12,IR,0
2026-07-16,IT,0
2026-07-17,IT,0
2026-07-18,IT,0
2026-07-19,IT,0
2026-07-20,IT,0
2026-07-21,IT,0
2026-07-22,IT,0
2026-07-23,IT,0
2026-07-24,IT,0
2026-07-25,IT,0
2026-07-26,IT,43.14
2026-07-27,IT,76.69
2026-07-28,IT,63.36
2026-07-29,IT,82.4
2026-07-30,IT,54.18
2026-07-31,IT,81.77
2026-08-01,IT,108.15
2026-08-02,IT,78.85
2026-08-03,IT,73.06
2026-08-04,IT,78.12
2026-08-05,IT,83.01
2026-08-06,IT,82.92
2026-08-07,IT,73.22
2026-08-08,IT,84.91
2026-08-09,IT,86.91
2026-08-10,IT,82.73
2026-08-11,IT,88.64
2026-08-12,IT,0
2026-07-16,JM,0
2026-07-17,JM,0
2026-07-18,JM,0
2026-07-19,JM,0
2026-07-20,JM,0
2026-07-21,JM,0
2026-07-22,JM,0
2026-07-23,JM,0
2026-07-24,JM,0
2026-07-25,JM,0
2026-07-26,JM,0
2026-07-27,JM,70.53
2026-07-28,JM,0
2026-07-29,JM,0
2026-07-30,JM,0
2026-07-31,JM,0
2026-08-01,JM,0
2026-08-02,JM,90.2
2026-08-03,JM,0
2026-08-04,JM,113.96
2026-08-05,JM,0
2026-08-06,JM,65.56
2026-08-07,JM,81.84
2026-08-08,JM,83.75
2026-08-09,JM,102.48
2026-08-10,JM,76.68
2026-08-11,JM,0
2026-08-12,JM,0
2026-07-16,JO,0
2026-07-17,JO,0
2026-07-18,JO,0
2026-07-19,JO,0
2026-07-20,JO,0
2026-07-21,JO,0
2026-07-22,JO,0
2026-07-23,JO,0
2026-07-24,JO,0
2026-07-25,JO,0
2026-07-26,JO,0
2026-07-27,JO,87.74
2026-07-28,JO,0
2026-07-29,JO,0
2026-07-30,JO,0
2026-07-31,JO,0
2026-08-01,JO,0
2026-08-02,JO,76.39
2026-08-03,JO,57.97
2026-08-04,JO,90.27
2026-08-05,JO,56.25
2026-08-06,JO,73.92
2026-08-07,JO,65.83
2026-08-08,JO,73.53
2026-08-09,JO,82
2026-08-10,JO,71.45
2026-08-11,JO,0
2026-08-12,JO,0
2026-07-16,JP,0
2026-07-17,JP,0
2026-07-18,JP,0
2026-07-19,JP,0
2026-07-20,JP,0
2026-07-21,JP,0
2026-07-22,JP,0
2026-07-23,JP,0
2026-07-24,JP,0
2026-07-25,JP,0
2026-07-26,JP,0
2026-07-27,JP,78.33
2026-07-28,JP,0
2026-07-29,JP,0
2026-07-30,JP,0
2026-07-31,JP,113.71
2026-08-01,JP,0
2026-08-02,JP,75.36
2026-08-03,JP,90.63
2026-08-04,JP,77.85
2026-08-05,JP,80.39
2026-08-06,JP,92.34
2026-08-07,JP,69.53
2026-08-08,JP,78.96
2026-08-09,JP,77.39
2026-08-10,JP,75.63
2026-08-11,JP,81.02
2026-08-12,JP,0
2026-07-16,KE,0
2026-07-17,KE,0
2026-07-18,KE,0
2026-07-19,KE,0
2026-07-20,KE,0
2026-07-21,KE,0
2026-07-22,KE,0
2026-07-23,KE,0
2026-07-24,KE,0
2026-07-25,KE,0
2026-07-26,KE,0
2026-07-27,KE,72.6
2026-07-28,KE,56.69
2026-07-29,KE,0
2026-07-30,KE,72.38
2026-07-31,KE,70.77
2026-08-01,KE,74.03
2026-08-02,KE,69.77
2026-08-03,KE,76.41
2026-08-04,KE,70.13
2026-08-05,KE,91.36
2026-08-06,KE,74.51
2026-08-07,KE,66.28
2026-08-08,KE,81.37
2026-08-09,KE,71.56
2026-08-10,KE,78.94
2026-08-11,KE,73.81
2026-08-12,KE,0
2026-07-16,KH,0
2026-07-17,KH,0
2026-07-18,KH,0
2026-07-19,KH,0
2026-07-20,KH,0
2026-07-21,KH,0
2026-07-22,KH,0
2026-07-23,KH,0
2026-07-24,KH,0
2026-07-25,KH,0
2026-07-26,KH,0
2026-07-27,KH,64.27
2026-07-28,KH,0
2026-07-29,KH,0
2026-07-30,KH,0
2026-07-31,KH,65.78
2026-08-01,KH,0
2026-08-02,KH,109.06
2026-08-03,KH,81.21
2026-08-04,KH,90.86
2026-08-05,KH,0
2026-08-06,KH,74.47
2026-08-07,KH,76.71
2026-08-08,KH,87.15
2026-08-09,KH,80.94
2026-08-10,KH,108.63
2026-08-11,KH,84.15
2026-08-12,KH,0
2026-07-16,KR,0
2026-07-17,KR,0
2026-07-18,KR,0
2026-07-19,KR,0
2026-07-20,KR,0
2026-07-21,KR,0
2026-07-22,KR,0
2026-07-23,KR,0
2026-07-24,KR,0
2026-07-25,KR,0
2026-07-26,KR,0
2026-07-27,KR,70.08
2026-07-28,KR,0
2026-07-29,KR,0
2026-07-30,KR,0
2026-07-31,KR,0
2026-08-01,KR,0
2026-08-02,KR,80.36
2026-08-03,KR,66.57
2026-08-04,KR,91.91
2026-08-05,KR,0
2026-08-06,KR,106.14
2026-08-07,KR,0
2026-08-08,KR,67.52
2026-08-09,KR,90.85
2026-08-10,KR,80.53
2026-08-11,KR,0
2026-08-12,KR,0
2026-07-16,KW,0
2026-07-17,KW,0
2026-07-18,KW,0
2026-07-19,KW,0
2026-07-20,KW,0
2026-07-21,KW,0
2026-07-22,KW,0
2026-07-23,KW,0
2026-07-24,KW,0
2026-07-25,KW,0
2026-07-26,KW,0
2026-07-27,KW,82.41
2026-07-28,KW,0
2026-07-29,KW,0
2026-07-30,KW,0
2026-07-31,KW,0
2026-08-01,KW,0
2026-08-02,KW,99.8
2026-08-03,KW,77.45
2026-08-04,KW,81.47
2026-08-05,KW,72.93
2026-08-06,KW,82.87
2026-08-07,KW,60.78
2026-08-08,KW,0
2026-08-09,KW,73.54
2026-08-10,KW,110.44
2026-08-11,KW,0
2026-08-12,KW,0
2026-07-16,KZ,0
2026-07-17,KZ,0
2026-07-18,KZ,0
2026-07-19,KZ,0
2026-07-20,KZ,0
2026-07-21,KZ,0
2026-07-22,KZ,0
2026-07-23,KZ,0
2026-07-24,KZ,0
2026-07-25,KZ,0
2026-07-26,KZ,0
2026-07-27,KZ,79.94
2026-07-28,KZ,0
2026-07-29,KZ,0
2026-07-30,KZ,0
2026-07-31,KZ,0
2026-08-01,KZ,0
2026-08-02,KZ,0
2026-08-03,KZ,70.81
2026-08-04,KZ,44.42
2026-08-05,KZ,0
2026-08-06,KZ,66.12
2026-08-07,KZ,85
2026-08-08,KZ,56.97
2026-08-09,KZ,77.32
2026-08-10,KZ,72.81
2026-08-11,KZ,0
2026-08-12,KZ,0
2026-07-16,LB,0
2026-07-17,LB,0
2026-07-18,LB,0
2026-07-19,LB,0
2026-07-20,LB,0
2026-07-21,LB,0
2026-07-22,LB,0
2026-07-23,LB,0
2026-07-24,LB,0
2026-07-25,LB,0
2026-07-26,LB,0
2026-07-27,LB,86.41
2026-07-28,LB,0
2026-07-29,LB,0
2026-07-30,LB,0
2026-07-31,LB,0
2026-08-01,LB,0
2026-08-02,LB,70.42
2026-08-03,LB,74.21
2026-08-04,LB,56.89
2026-08-05,LB,0
2026-08-06,LB,75.47
2026-08-07,LB,71.77
2026-08-08,LB,0
2026-08-09,LB,0
2026-08-10,LB,79.25
2026-08-11,LB,0
2026-08-12,LB,0
2026-07-16,LK,0
2026-07-17,LK,0
2026-07-18,LK,0
2026-07-19,LK,0
2026-07-20,LK,0
2026-07-21,LK,0
2026-07-22,LK,0
2026-07-23,LK,0
2026-07-24,LK,0
2026-07-25,LK,0
2026-07-26,LK,0
2026-07-27,LK,74.27
2026-07-28,LK,72.87
2026-07-29,LK,0
2026-07-30,LK,0
2026-07-31,LK,64.76
2026-08-01,LK,81.03
2026-08-02,LK,71.47
2026-08-03,LK,74.16
2026-08-04,LK,74.17
2026-08-05,LK,97.38
2026-08-06,LK,80.93
2026-08-07,LK,73.52
2026-08-08,LK,73.68
2026-08-09,LK,69.94
2026-08-10,LK,78.56
2026-08-11,LK,77.58
2026-08-12,LK,0
2026-07-16,LT,0
2026-07-17,LT,0
2026-07-18,LT,0
2026-07-19,LT,0
2026-07-20,LT,0
2026-07-21,LT,0
2026-07-22,LT,0
2026-07-23,LT,0
2026-07-24,LT,0
2026-07-25,LT,0
2026-07-26,LT,0
2026-07-27,LT,73.12
2026-07-28,LT,0
2026-07-29,LT,0
2026-07-30,LT,0
2026-07-31,LT,0
2026-08-01,LT,0
2026-08-02,LT,82.79
2026-08-03,LT,88.71
2026-08-04,LT,82.5
2026-08-05,LT,0
2026-08-06,LT,90.3
2026-08-07,LT,0
2026-08-08,LT,0
2026-08-09,LT,87.17
2026-08-10,LT,82.84
2026-08-11,LT,0
2026-08-12,LT,0
2026-07-16,LV,0
2026-07-17,LV,0
2026-07-18,LV,0
2026-07-19,LV,0
2026-07-20,LV,0
2026-07-21,LV,0
2026-07-22,LV,0
2026-07-23,LV,0
2026-07-24,LV,0
2026-07-25,LV,0
2026-07-26,LV,0
2026-07-27,LV,77.71
2026-07-28,LV,0
2026-07-29,LV,0
2026-07-30,LV,0
2026-07-31,LV,0
2026-08-01,LV,0
2026-08-02,LV,0
2026-08-03,LV,53.97
2026-08-04,LV,90.96
2026-08-05,LV,0
2026-08-06,LV,81.78
2026-08-07,LV,0
2026-08-08,LV,0
2026-08-09,LV,81.28
2026-08-10,LV,69.74
2026-08-11,LV,0
2026-08-12,LV,0
2026-07-16,MA,0
2026-07-17,MA,0
2026-07-18,MA,0
2026-07-19,MA,0
2026-07-20,MA,0
2026-07-21,MA,0
2026-07-22,MA,0
2026-07-23,MA,0
2026-07-24,MA,0
2026-07-25,MA,0
2026-07-26,MA,0
2026-07-27,MA,72.28
2026-07-28,MA,0
2026-07-29,MA,0
2026-07-30,MA,0
2026-07-31,MA,81.64
2026-08-01,MA,0
2026-08-02,MA,74.86
2026-08-03,MA,58.88
2026-08-04,MA,66.46
2026-08-05,MA,75.12
2026-08-06,MA,85.05
2026-08-07,MA,66.11
2026-08-08,MA,44.86
2026-08-09,MA,60
2026-08-10,MA,69.98
2026-08-11,MA,78.2
2026-08-12,MA,0
2026-07-16,MD,0
2026-07-17,MD,0
2026-07-18,MD,0
2026-07-19,MD,0
2026-07-20,MD,0
2026-07-21,MD,0
2026-07-22,MD,0
2026-07-23,MD,0
2026-07-24,MD,0
2026-07-25,MD,0
2026-07-26,MD,0
2026-07-27,MD,0
2026-07-28,MD,0
2026-07-29,MD,0
2026-07-30,MD,0
2026-07-31,MD,0
2026-08-01,MD,0
2026-08-02,MD,0
2026-08-03,MD,0
2026-08-04,MD,0
2026-08-05,MD,0
2026-08-06,MD,0
2026-08-07,MD,0
2026-08-08,MD,0
2026-08-09,MD,77.57
2026-08-10,MD,0
2026-08-11,MD,0
2026-08-12,MD,0
2026-07-16,ME,0
2026-07-17,ME,0
2026-07-18,ME,0
2026-07-19,ME,0
2026-07-20,ME,0
2026-07-21,ME,0
2026-07-22,ME,0
2026-07-23,ME,0
2026-07-24,ME,0
2026-07-25,ME,0
2026-07-26,ME,0
2026-07-27,ME,0
2026-07-28,ME,0
2026-07-29,ME,0
2026-07-30,ME,0
2026-07-31,ME,0
2026-08-01,ME,0
2026-08-02,ME,0
2026-08-03,ME,0
2026-08-04,ME,0
2026-08-05,ME,0
2026-08-06,ME,0
2026-08-07,ME,0
2026-08-08,ME,0
2026-08-09,ME,85.81
2026-08-10,ME,0
2026-08-11,ME,0
2026-08-12,ME,0
2026-07-16,MK,0
2026-07-17,MK,0
2026-07-18,MK,0
2026-07-19,MK,0
2026-07-20,MK,0
2026-07-21,MK,0
2026-07-22,MK,0
2026-07-23,MK,0
2026-07-24,MK,0
2026-07-25,MK,0
2026-07-26,MK,0
2026-07-27,MK,0
2026-07-28,MK,0
2026-07-29,MK,0
2026-07-30,MK,0
2026-07-31,MK,0
2026-08-01,MK,0
2026-08-02,MK,0
2026-08-03,MK,0
2026-08-04,MK,66.52
2026-08-05,MK,0
2026-08-06,MK,83.66
2026-08-07,MK,0
2026-08-08,MK,0
2026-08-09,MK,0
2026-08-10,MK,0
2026-08-11,MK,0
2026-08-12,MK,0
2026-07-16,MM,0
2026-07-17,MM,0
2026-07-18,MM,0
2026-07-19,MM,0
2026-07-20,MM,0
2026-07-21,MM,0
2026-07-22,MM,0
2026-07-23,MM,0
2026-07-24,MM,0
2026-07-25,MM,0
2026-07-26,MM,0
2026-07-27,MM,104.3
2026-07-28,MM,52.93
2026-07-29,MM,0
2026-07-30,MM,0
2026-07-31,MM,74.44
2026-08-01,MM,0
2026-08-02,MM,78.13
2026-08-03,MM,78.35
2026-08-04,MM,114.01
2026-08-05,MM,84.07
2026-08-06,MM,100.49
2026-08-07,MM,85.59
2026-08-08,MM,62.57
2026-08-09,MM,66.71
2026-08-10,MM,80.77
2026-08-11,MM,92.25
2026-08-12,MM,0
2026-07-16,MN,0
2026-07-17,MN,0
2026-07-18,MN,0
2026-07-19,MN,0
2026-07-20,MN,0
2026-07-21,MN,0
2026-07-22,MN,0
2026-07-23,MN,0
2026-07-24,MN,0
2026-07-25,MN,0
2026-07-26,MN,0
2026-07-27,MN,62.9
2026-07-28,MN,70.61
2026-07-29,MN,0
2026-07-30,MN,0
2026-07-31,MN,79.43
2026-08-01,MN,0
2026-08-02,MN,98.72
2026-08-03,MN,73.45
2026-08-04,MN,78.33
2026-08-05,MN,70.63
2026-08-06,MN,79.81
2026-08-07,MN,116
2026-08-08,MN,74.16
2026-08-09,MN,86.29
2026-08-10,MN,86.65
2026-08-11,MN,86.05
2026-08-12,MN,0
2026-07-16,MT,0
2026-07-17,MT,0
2026-07-18,MT,0
2026-07-19,MT,0
2026-07-20,MT,0
2026-07-21,MT,0
2026-07-22,MT,0
2026-07-23,MT,0
2026-07-24,MT,0
2026-07-25,MT,0
2026-07-26,MT,0
2026-07-27,MT,0
2026-07-28,MT,0
2026-07-29,MT,0
2026-07-30,MT,0
2026-07-31,MT,0
2026-08-01,MT,0
2026-08-02,MT,0
2026-08-03,MT,67.14
2026-08-04,MT,72.06
2026-08-05,MT,0
2026-08-06,MT,0
2026-08-07,MT,0
2026-08-08,MT,0
2026-08-09,MT,0
2026-08-10,MT,0
2026-08-11,MT,0
2026-08-12,MT,0
2026-07-16,MU,0
2026-07-17,MU,0
2026-07-18,MU,0
2026-07-19,MU,0
2026-07-20,MU,0
2026-07-21,MU,0
2026-07-22,MU,0
2026-07-23,MU,0
2026-07-24,MU,0
2026-07-25,MU,0
2026-07-26,MU,0
2026-07-27,MU,0
2026-07-28,MU,0
2026-07-29,MU,0
2026-07-30,MU,0
2026-07-31,MU,0
2026-08-01,MU,0
2026-08-02,MU,112.08
2026-08-03,MU,0
2026-08-04,MU,62.04
2026-08-05,MU,0
2026-08-06,MU,74.85
2026-08-07,MU,0
2026-08-08,MU,77.16
2026-08-09,MU,88.57
2026-08-10,MU,68.39
2026-08-11,MU,0
2026-08-12,MU,0
2026-07-16,MV,0
2026-07-17,MV,0
2026-07-18,MV,0
2026-07-19,MV,0
2026-07-20,MV,0
2026-07-21,MV,0
2026-07-22,MV,0
2026-07-23,MV,0
2026-07-24,MV,0
2026-07-25,MV,0
2026-07-26,MV,0
2026-07-27,MV,0
2026-07-28,MV,0
2026-07-29,MV,0
2026-07-30,MV,0
2026-07-31,MV,0
2026-08-01,MV,0
2026-08-02,MV,0
2026-08-03,MV,0
2026-08-04,MV,71.46
2026-08-05,MV,0
2026-08-06,MV,62.53
2026-08-07,MV,0
2026-08-08,MV,0
2026-08-09,MV,65.23
2026-08-10,MV,0
2026-08-11,MV,0
2026-08-12,MV,0
2026-07-16,MW,0
2026-07-17,MW,0
2026-07-18,MW,0
2026-07-19,MW,0
2026-07-20,MW,0
2026-07-21,MW,0
2026-07-22,MW,0
2026-07-23,MW,0
2026-07-24,MW,0
2026-07-25,MW,0
2026-07-26,MW,0
2026-07-27,MW,0
2026-07-28,MW,0
2026-07-29,MW,0
2026-07-30,MW,0
2026-07-31,MW,0
2026-08-01,MW,0
2026-08-02,MW,0
2026-08-03,MW,0
2026-08-04,MW,0
2026-08-05,MW,0
2026-08-06,MW,83.58
2026-08-07,MW,0
2026-08-08,MW,0
2026-08-09,MW,0
2026-08-10,MW,0
2026-08-11,MW,0
2026-08-12,MW,0
2026-07-16,MX,0
2026-07-17,MX,0
2026-07-18,MX,0
2026-07-19,MX,0
2026-07-20,MX,0
2026-07-21,MX,0
2026-07-22,MX,0
2026-07-23,MX,0
2026-07-24,MX,0
2026-07-25,MX,0
2026-07-26,MX,35.11
2026-07-27,MX,63.79
2026-07-28,MX,0
2026-07-29,MX,0
2026-07-30,MX,72.15
2026-07-31,MX,0
2026-08-01,MX,66.52
2026-08-02,MX,69.7
2026-08-03,MX,65.19
2026-08-04,MX,78.34
2026-08-05,MX,65.44
2026-08-06,MX,74.72
2026-08-07,MX,96.6
2026-08-08,MX,70.62
2026-08-09,MX,73.5
2026-08-10,MX,75.35
2026-08-11,MX,58.52
2026-08-12,MX,0
2026-07-16,MY,0
2026-07-17,MY,0
2026-07-18,MY,0
2026-07-19,MY,0
2026-07-20,MY,0
2026-07-21,MY,0
2026-07-22,MY,0
2026-07-23,MY,0
2026-07-24,MY,0
2026-07-25,MY,0
2026-07-26,MY,0
2026-07-27,MY,87.38
2026-07-28,MY,73.88
2026-07-29,MY,61.83
2026-07-30,MY,73.35
2026-07-31,MY,81.83
2026-08-01,MY,86.5
2026-08-02,MY,83.09
2026-08-03,MY,84.29
2026-08-04,MY,100.86
2026-08-05,MY,90.76
2026-08-06,MY,108.92
2026-08-07,MY,86.01
2026-08-08,MY,79.54
2026-08-09,MY,86
2026-08-10,MY,87.95
2026-08-11,MY,108.28
2026-08-12,MY,0
2026-07-16,NA,0
2026-07-17,NA,0
2026-07-18,NA,0
2026-07-19,NA,0
2026-07-20,NA,0
2026-07-21,NA,0
2026-07-22,NA,0
2026-07-23,NA,0
2026-07-24,NA,0
2026-07-25,NA,0
2026-07-26,NA,0
2026-07-27,NA,0
2026-07-28,NA,0
2026-07-29,NA,0
2026-07-30,NA,0
2026-07-31,NA,0
2026-08-01,NA,0
2026-08-02,NA,0
2026-08-03,NA,0
2026-08-04,NA,74.73
2026-08-05,NA,0
2026-08-06,NA,77.19
2026-08-07,NA,0
2026-08-08,NA,0
2026-08-09,NA,0
2026-08-10,NA,0
2026-08-11,NA,0
2026-08-12,NA,0
2026-07-16,NG,0
2026-07-17,NG,0
2026-07-18,NG,0
2026-07-19,NG,0
2026-07-20,NG,0
2026-07-21,NG,0
2026-07-22,NG,0
2026-07-23,NG,0
2026-07-24,NG,0
2026-07-25,NG,0
2026-07-26,NG,0
2026-07-27,NG,81.07
2026-07-28,NG,55.81
2026-07-29,NG,0
2026-07-30,NG,0
2026-07-31,NG,92.15
2026-08-01,NG,0
2026-08-02,NG,80.78
2026-08-03,NG,89.97
2026-08-04,NG,80.46
2026-08-05,NG,88.04
2026-08-06,NG,80.66
2026-08-07,NG,82.65
2026-08-08,NG,80.97
2026-08-09,NG,83.78
2026-08-10,NG,83.65
2026-08-11,NG,79.81
2026-08-12,NG,0
2026-07-16,NL,0
2026-07-17,NL,0
2026-07-18,NL,0
2026-07-19,NL,0
2026-07-20,NL,0
2026-07-21,NL,0
2026-07-22,NL,0
2026-07-23,NL,0
2026-07-24,NL,0
2026-07-25,NL,0
2026-07-26,NL,0
2026-07-27,NL,73.2
2026-07-28,NL,71.52
2026-07-29,NL,72.17
2026-07-30,NL,82.03
2026-07-31,NL,77.71
2026-08-01,NL,86.49
2026-08-02,NL,83.76
2026-08-03,NL,88.27
2026-08-04,NL,80.95
2026-08-05,NL,74.69
2026-08-06,NL,93.36
2026-08-07,NL,87.34
2026-08-08,NL,71.6
2026-08-09,NL,83.02
2026-08-10,NL,87.73
2026-08-11,NL,86.41
2026-08-12,NL,0
2026-07-16,NO,0
2026-07-17,NO,0
2026-07-18,NO,0
2026-07-19,NO,0
2026-07-20,NO,0
2026-07-21,NO,0
2026-07-22,NO,0
2026-07-23,NO,0
2026-07-24,NO,0
2026-07-25,NO,0
2026-07-26,NO,0
2026-07-27,NO,71.98
2026-07-28,NO,0
2026-07-29,NO,0
2026-07-30,NO,63.08
2026-07-31,NO,80.33
2026-08-01,NO,80.03
2026-08-02,NO,69.86
2026-08-03,NO,84.85
2026-08-04,NO,92.42
2026-08-05,NO,0
2026-08-06,NO,89.83
2026-08-07,NO,76.22
2026-08-08,NO,99.73
2026-08-09,NO,80.41
2026-08-10,NO,90.58
2026-08-11,NO,79.78
2026-08-12,NO,0
2026-07-16,NP,0
2026-07-17,NP,0
2026-07-18,NP,0
2026-07-19,NP,0
2026-07-20,NP,0
2026-07-21,NP,0
2026-07-22,NP,0
2026-07-23,NP,0
2026-07-24,NP,0
2026-07-25,NP,0
2026-07-26,NP,0
2026-07-27,NP,59.31
2026-07-28,NP,61.25
2026-07-29,NP,63.88
2026-07-30,NP,0
2026-07-31,NP,67.86
2026-08-01,NP,74.18
2026-08-02,NP,70.98
2026-08-03,NP,78.99
2026-08-04,NP,82.05
2026-08-05,NP,84.07
2026-08-06,NP,79.67
2026-08-07,NP,71.36
2026-08-08,NP,72.66
2026-08-09,NP,153.97
2026-08-10,NP,83.09
2026-08-11,NP,76.77
2026-08-12,NP,0
2026-07-16,NZ,0
2026-07-17,NZ,0
2026-07-18,NZ,0
2026-07-19,NZ,0
2026-07-20,NZ,0
2026-07-21,NZ,0
2026-07-22,NZ,0
2026-07-23,NZ,0
2026-07-24,NZ,0
2026-07-25,NZ,0
2026-07-26,NZ,0
2026-07-27,NZ,85.79
2026-07-28,NZ,0
2026-07-29,NZ,0
2026-07-30,NZ,60.75
2026-07-31,NZ,90.11
2026-08-01,NZ,0
2026-08-02,NZ,78.04
2026-08-03,NZ,75.91
2026-08-04,NZ,76.92
2026-08-05,NZ,72.87
2026-08-06,NZ,85.91
2026-08-07,NZ,66.34
2026-08-08,NZ,79.43
2026-08-09,NZ,96.36
2026-08-10,NZ,83.64
2026-08-11,NZ,85.68
2026-08-12,NZ,0
2026-07-16,OM,0
2026-07-17,OM,0
2026-07-18,OM,0
2026-07-19,OM,0
2026-07-20,OM,0
2026-07-21,OM,0
2026-07-22,OM,0
2026-07-23,OM,0
2026-07-24,OM,0
2026-07-25,OM,0
2026-07-26,OM,0
2026-07-27,OM,0
2026-07-28,OM,0
2026-07-29,OM,0
2026-07-30,OM,0
2026-07-31,OM,0
2026-08-01,OM,0
2026-08-02,OM,0
2026-08-03,OM,81.1
2026-08-04,OM,78.37
2026-08-05,OM,0
2026-08-06,OM,81.44
2026-08-07,OM,52.45
2026-08-08,OM,0
2026-08-09,OM,0
2026-08-10,OM,0
2026-08-11,OM,0
2026-08-12,OM,0
2026-07-16,PG,0
2026-07-17,PG,0
2026-07-18,PG,0
2026-07-19,PG,0
2026-07-20,PG,0
2026-07-21,PG,0
2026-07-22,PG,0
2026-07-23,PG,0
2026-07-24,PG,0
2026-07-25,PG,0
2026-07-26,PG,0
2026-07-27,PG,0
2026-07-28,PG,0
2026-07-29,PG,0
2026-07-30,PG,0
2026-07-31,PG,0
2026-08-01,PG,0
2026-08-02,PG,0
2026-08-03,PG,0
2026-08-04,PG,0
2026-08-05,PG,0
2026-08-06,PG,92.22
2026-08-07,PG,0
2026-08-08,PG,0
2026-08-09,PG,0
2026-08-10,PG,0
2026-08-11,PG,0
2026-08-12,PG,0
2026-07-16,PH,0
2026-07-17,PH,0
2026-07-18,PH,0
2026-07-19,PH,0
2026-07-20,PH,0
2026-07-21,PH,0
2026-07-22,PH,0
2026-07-23,PH,0
2026-07-24,PH,0
2026-07-25,PH,0
2026-07-26,PH,66.68
2026-07-27,PH,76.74
2026-07-28,PH,69.27
2026-07-29,PH,70.76
2026-07-30,PH,65.19
2026-07-31,PH,72.88
2026-08-01,PH,82.24
2026-08-02,PH,84.79
2026-08-03,PH,79.23
2026-08-04,PH,92.21
2026-08-05,PH,85.64
2026-08-06,PH,89.29
2026-08-07,PH,89.1
2026-08-08,PH,77.98
2026-08-09,PH,87.39
2026-08-10,PH,92.87
2026-08-11,PH,81.79
2026-08-12,PH,0
2026-07-16,PK,0
2026-07-17,PK,0
2026-07-18,PK,0
2026-07-19,PK,0
2026-07-20,PK,0
2026-07-21,PK,0
2026-07-22,PK,0
2026-07-23,PK,0
2026-07-24,PK,0
2026-07-25,PK,0
2026-07-26,PK,0
2026-07-27,PK,70.74
2026-07-28,PK,58.53
2026-07-29,PK,63.5
2026-07-30,PK,56.6
2026-07-31,PK,67.19
2026-08-01,PK,69.23
2026-08-02,PK,77.22
2026-08-03,PK,73.56
2026-08-04,PK,70.36
2026-08-05,PK,73.95
2026-08-06,PK,78.34
2026-08-07,PK,66.75
2026-08-08,PK,76.22
2026-08-09,PK,74.66
2026-08-10,PK,79.57
2026-08-11,PK,65.9
2026-08-12,PK,0
2026-07-16,PL,0
2026-07-17,PL,0
2026-07-18,PL,0
2026-07-19,PL,0
2026-07-20,PL,0
2026-07-21,PL,0
2026-07-22,PL,0
2026-07-23,PL,0
2026-07-24,PL,0
2026-07-25,PL,0
2026-07-26,PL,50.31
2026-07-27,PL,66.9
2026-07-28,PL,65.18
2026-07-29,PL,70.32
2026-07-30,PL,78.69
2026-07-31,PL,80.42
2026-08-01,PL,82.49
2026-08-02,PL,76.67
2026-08-03,PL,82.68
2026-08-04,PL,76.29
2026-08-05,PL,75.91
2026-08-06,PL,86.12
2026-08-07,PL,73.37
2026-08-08,PL,76.26
2026-08-09,PL,84.49
2026-08-10,PL,81.18
2026-08-11,PL,86.03
2026-08-12,PL,0
2026-07-16,PR,0
2026-07-17,PR,0
2026-07-18,PR,0
2026-07-19,PR,0
2026-07-20,PR,0
2026-07-21,PR,0
2026-07-22,PR,0
2026-07-23,PR,0
2026-07-24,PR,0
2026-07-25,PR,0
2026-07-26,PR,0
2026-07-27,PR,0
2026-07-28,PR,0
2026-07-29,PR,0
2026-07-30,PR,0
2026-07-31,PR,0
2026-08-01,PR,0
2026-08-02,PR,67.56
2026-08-03,PR,93.27
2026-08-04,PR,74.83
2026-08-05,PR,0
2026-08-06,PR,89.73
2026-08-07,PR,65.66
2026-08-08,PR,86.27
2026-08-09,PR,105.37
2026-08-10,PR,79.19
2026-08-11,PR,0
2026-08-12,PR,0
2026-07-16,PT,0
2026-07-17,PT,0
2026-07-18,PT,0
2026-07-19,PT,0
2026-07-20,PT,0
2026-07-21,PT,0
2026-07-22,PT,0
2026-07-23,PT,0
2026-07-24,PT,0
2026-07-25,PT,0
2026-07-26,PT,0
2026-07-27,PT,70.28
2026-07-28,PT,0
2026-07-29,PT,0
2026-07-30,PT,0
2026-07-31,PT,71.34
2026-08-01,PT,0
2026-08-02,PT,76.86
2026-08-03,PT,72.07
2026-08-04,PT,77.54
2026-08-05,PT,0
2026-08-06,PT,77.53
2026-08-07,PT,67.15
2026-08-08,PT,711.49
2026-08-09,PT,86.6
2026-08-10,PT,83.19
2026-08-11,PT,93.46
2026-08-12,PT,0
2026-07-16,QA,0
2026-07-17,QA,0
2026-07-18,QA,0
2026-07-19,QA,0
2026-07-20,QA,0
2026-07-21,QA,0
2026-07-22,QA,0
2026-07-23,QA,0
2026-07-24,QA,0
2026-07-25,QA,0
2026-07-26,QA,0
2026-07-27,QA,0
2026-07-28,QA,0
2026-07-29,QA,0
2026-07-30,QA,0
2026-07-31,QA,86.78
2026-08-01,QA,0
2026-08-02,QA,0
2026-08-03,QA,54.13
2026-08-04,QA,85.56
2026-08-05,QA,0
2026-08-06,QA,88.06
2026-08-07,QA,0
2026-08-08,QA,0
2026-08-09,QA,103.99
2026-08-10,QA,76.33
2026-08-11,QA,0
2026-08-12,QA,0
2026-07-16,RO,0
2026-07-17,RO,0
2026-07-18,RO,0
2026-07-19,RO,0
2026-07-20,RO,0
2026-07-21,RO,0
2026-07-22,RO,0
2026-07-23,RO,0
2026-07-24,RO,0
2026-07-25,RO,0
2026-07-26,RO,0
2026-07-27,RO,70.51
2026-07-28,RO,75.71
2026-07-29,RO,72.7
2026-07-30,RO,72.56
2026-07-31,RO,81.98
2026-08-01,RO,0
2026-08-02,RO,81.56
2026-08-03,RO,73.88
2026-08-04,RO,83.11
2026-08-05,RO,80
2026-08-06,RO,85.48
2026-08-07,RO,66.16
2026-08-08,RO,68.87
2026-08-09,RO,84.39
2026-08-10,RO,88.86
2026-08-11,RO,79.88
2026-08-12,RO,0
2026-07-16,RS,0
2026-07-17,RS,0
2026-07-18,RS,0
2026-07-19,RS,0
2026-07-20,RS,0
2026-07-21,RS,0
2026-07-22,RS,0
2026-07-23,RS,0
2026-07-24,RS,0
2026-07-25,RS,0
2026-07-26,RS,0
2026-07-27,RS,77.98
2026-07-28,RS,0
2026-07-29,RS,0
2026-07-30,RS,0
2026-07-31,RS,87.19
2026-08-01,RS,0
2026-08-02,RS,78.92
2026-08-03,RS,88.13
2026-08-04,RS,76.8
2026-08-05,RS,0
2026-08-06,RS,72.1
2026-08-07,RS,67.28
2026-08-08,RS,67.83
2026-08-09,RS,80.94
2026-08-10,RS,83.81
2026-08-11,RS,76.68
2026-08-12,RS,0
2026-07-16,RU,0
2026-07-17,RU,0
2026-07-18,RU,0
2026-07-19,RU,0
2026-07-20,RU,0
2026-07-21,RU,0
2026-07-22,RU,0
2026-07-23,RU,0
2026-07-24,RU,0
2026-07-25,RU,0
2026-07-26,RU,0
2026-07-27,RU,57.3
2026-07-28,RU,64.09
2026-07-29,RU,0
2026-07-30,RU,0
2026-07-31,RU,0
2026-08-01,RU,0
2026-08-02,RU,71.78
2026-08-03,RU,57.99
2026-08-04,RU,71.56
2026-08-05,RU,79.6
2026-08-06,RU,78.11
2026-08-07,RU,62.06
2026-08-08,RU,85.72
2026-08-09,RU,64.7
2026-08-10,RU,77.68
2026-08-11,RU,84.27
2026-08-12,RU,0
2026-07-16,RW,0
2026-07-17,RW,0
2026-07-18,RW,0
2026-07-19,RW,0
2026-07-20,RW,0
2026-07-21,RW,0
2026-07-22,RW,0
2026-07-23,RW,0
2026-07-24,RW,0
2026-07-25,RW,0
2026-07-26,RW,0
2026-07-27,RW,0
2026-07-28,RW,0
2026-07-29,RW,0
2026-07-30,RW,0
2026-07-31,RW,0
2026-08-01,RW,0
2026-08-02,RW,0
2026-08-03,RW,0
2026-08-04,RW,68.35
2026-08-05,RW,0
2026-08-06,RW,61.39
2026-08-07,RW,0
2026-08-08,RW,0
2026-08-09,RW,0
2026-08-10,RW,0
2026-08-11,RW,0
2026-08-12,RW,0
2026-07-16,SA,0
2026-07-17,SA,0
2026-07-18,SA,0
2026-07-19,SA,0
2026-07-20,SA,0
2026-07-21,SA,0
2026-07-22,SA,0
2026-07-23,SA,0
2026-07-24,SA,0
2026-07-25,SA,0
2026-07-26,SA,0
2026-07-27,SA,65.97
2026-07-28,SA,75.33
2026-07-29,SA,0
2026-07-30,SA,38.58
2026-07-31,SA,70.59
2026-08-01,SA,67.99
2026-08-02,SA,79.15
2026-08-03,SA,76.12
2026-08-04,SA,80.39
2026-08-05,SA,74.15
2026-08-06,SA,77.48
2026-08-07,SA,72.75
2026-08-08,SA,73.23
2026-08-09,SA,89.05
2026-08-10,SA,75.42
2026-08-11,SA,112.46
2026-08-12,SA,0
2026-07-16,SB,0
2026-07-17,SB,0
2026-07-18,SB,0
2026-07-19,SB,0
2026-07-20,SB,0
2026-07-21,SB,0
2026-07-22,SB,0
2026-07-23,SB,0
2026-07-24,SB,0
2026-07-25,SB,0
2026-07-26,SB,0
2026-07-27,SB,0
2026-07-28,SB,0
2026-07-29,SB,0
2026-07-30,SB,0
2026-07-31,SB,0
2026-08-01,SB,0
2026-08-02,SB,0
2026-08-03,SB,0
2026-08-04,SB,96.46
2026-08-05,SB,0
2026-08-06,SB,0
2026-08-07,SB,0
2026-08-08,SB,0
2026-08-09,SB,0
2026-08-10,SB,0
2026-08-11,SB,0
2026-08-12,SB,0
2026-07-16,SE,0
2026-07-17,SE,0
2026-07-18,SE,0
2026-07-19,SE,0
2026-07-20,SE,0
2026-07-21,SE,0
2026-07-22,SE,0
2026-07-23,SE,0
2026-07-24,SE,0
2026-07-25,SE,0
2026-07-26,SE,0
2026-07-27,SE,78.87
2026-07-28,SE,57.04
2026-07-29,SE,63.45
2026-07-30,SE,67.57
2026-07-31,SE,99.78
2026-08-01,SE,94.51
2026-08-02,SE,84.57
2026-08-03,SE,81.63
2026-08-04,SE,78.59
2026-08-05,SE,70.14
2026-08-06,SE,88.15
2026-08-07,SE,74.43
2026-08-08,SE,81.17
2026-08-09,SE,84.85
2026-08-10,SE,89.58
2026-08-11,SE,92.15
2026-08-12,SE,0
2026-07-16,SG,0
2026-07-17,SG,0
2026-07-18,SG,0
2026-07-19,SG,0
2026-07-20,SG,0
2026-07-21,SG,0
2026-07-22,SG,0
2026-07-23,SG,0
2026-07-24,SG,0
2026-07-25,SG,0
2026-07-26,SG,0
2026-07-27,SG,81.54
2026-07-28,SG,99.51
2026-07-29,SG,59.49
2026-07-30,SG,0
2026-07-31,SG,89.75
2026-08-01,SG,75.15
2026-08-02,SG,82.45
2026-08-03,SG,68.53
2026-08-04,SG,87.8
2026-08-05,SG,77.42
2026-08-06,SG,84.7
2026-08-07,SG,82.59
2026-08-08,SG,77.66
2026-08-09,SG,86.36
2026-08-10,SG,81.6
2026-08-11,SG,103.45
2026-08-12,SG,0
2026-07-16,SI,0
2026-07-17,SI,0
2026-07-18,SI,0
2026-07-19,SI,0
2026-07-20,SI,0
2026-07-21,SI,0
2026-07-22,SI,0
2026-07-23,SI,0
2026-07-24,SI,0
2026-07-25,SI,0
2026-07-26,SI,0
2026-07-27,SI,0
2026-07-28,SI,0
2026-07-29,SI,0
2026-07-30,SI,0
2026-07-31,SI,0
2026-08-01,SI,0
2026-08-02,SI,53.7
2026-08-03,SI,180.16
2026-08-04,SI,73.07
2026-08-05,SI,0
2026-08-06,SI,0
2026-08-07,SI,0
2026-08-08,SI,0
2026-08-09,SI,0
2026-08-10,SI,81.37
2026-08-11,SI,75.81
2026-08-12,SI,0
2026-07-16,SK,0
2026-07-17,SK,0
2026-07-18,SK,0
2026-07-19,SK,0
2026-07-20,SK,0
2026-07-21,SK,0
2026-07-22,SK,0
2026-07-23,SK,0
2026-07-24,SK,0
2026-07-25,SK,0
2026-07-26,SK,0
2026-07-27,SK,78.05
2026-07-28,SK,0
2026-07-29,SK,0
2026-07-30,SK,0
2026-07-31,SK,83.57
2026-08-01,SK,0
2026-08-02,SK,81.36
2026-08-03,SK,78.22
2026-08-04,SK,77.43
2026-08-05,SK,74.49
2026-08-06,SK,78.64
2026-08-07,SK,67.89
2026-08-08,SK,71.19
2026-08-09,SK,95.28
2026-08-10,SK,88.86
2026-08-11,SK,78.43
2026-08-12,SK,0
2026-07-16,SO,0
2026-07-17,SO,0
2026-07-18,SO,0
2026-07-19,SO,0
2026-07-20,SO,0
2026-07-21,SO,0
2026-07-22,SO,0
2026-07-23,SO,0
2026-07-24,SO,0
2026-07-25,SO,0
2026-07-26,SO,0
2026-07-27,SO,0
2026-07-28,SO,0
2026-07-29,SO,0
2026-07-30,SO,0
2026-07-31,SO,0
2026-08-01,SO,0
2026-08-02,SO,0
2026-08-03,SO,0
2026-08-04,SO,0
2026-08-05,SO,0
2026-08-06,SO,69.83
2026-08-07,SO,0
2026-08-08,SO,0
2026-08-09,SO,0
2026-08-10,SO,0
2026-08-11,SO,0
2026-08-12,SO,0
2026-07-16,SR,0
2026-07-17,SR,0
2026-07-18,SR,0
2026-07-19,SR,0
2026-07-20,SR,0
2026-07-21,SR,0
2026-07-22,SR,0
2026-07-23,SR,0
2026-07-24,SR,0
2026-07-25,SR,0
2026-07-26,SR,0
2026-07-27,SR,0
2026-07-28,SR,0
2026-07-29,SR,0
2026-07-30,SR,0
2026-07-31,SR,0
2026-08-01,SR,0
2026-08-02,SR,0
2026-08-03,SR,0
2026-08-04,SR,0
2026-08-05,SR,0
2026-08-06,SR,74.2
2026-08-07,SR,71.37
2026-08-08,SR,0
2026-08-09,SR,0
2026-08-10,SR,0
2026-08-11,SR,0
2026-08-12,SR,0
2026-07-16,SY,0
2026-07-17,SY,0
2026-07-18,SY,0
2026-07-19,SY,0
2026-07-20,SY,0
2026-07-21,SY,0
2026-07-22,SY,0
2026-07-23,SY,0
2026-07-24,SY,0
2026-07-25,SY,0
2026-07-26,SY,0
2026-07-27,SY,0
2026-07-28,SY,0
2026-07-29,SY,0
2026-07-30,SY,0
2026-07-31,SY,0
2026-08-01,SY,0
2026-08-02,SY,66.9
2026-08-03,SY,0
2026-08-04,SY,0
2026-08-05,SY,0
2026-08-06,SY,87.33
2026-08-07,SY,0
2026-08-08,SY,88.13
2026-08-09,SY,0
2026-08-10,SY,84.4
2026-08-11,SY,0
2026-08-12,SY,0
2026-07-16,TH,0
2026-07-17,TH,0
2026-07-18,TH,0
2026-07-19,TH,0
2026-07-20,TH,0
2026-07-21,TH,0
2026-07-22,TH,0
2026-07-23,TH,0
2026-07-24,TH,0
2026-07-25,TH,0
2026-07-26,TH,0
2026-07-27,TH,94.3
2026-07-28,TH,73.96
2026-07-29,TH,48.93
2026-07-30,TH,87.86
2026-07-31,TH,76.53
2026-08-01,TH,73.56
2026-08-02,TH,74.53
2026-08-03,TH,70.3
2026-08-04,TH,84.57
2026-08-05,TH,77.62
2026-08-06,TH,94.83
2026-08-07,TH,68.99
2026-08-08,TH,79.35
2026-08-09,TH,94.12
2026-08-10,TH,78.21
2026-08-11,TH,79.69
2026-08-12,TH,0
2026-07-16,TN,0
2026-07-17,TN,0
2026-07-18,TN,0
2026-07-19,TN,0
2026-07-20,TN,0
2026-07-21,TN,0
2026-07-22,TN,0
2026-07-23,TN,0
2026-07-24,TN,0
2026-07-25,TN,0
2026-07-26,TN,0
2026-07-27,TN,50.69
2026-07-28,TN,0
2026-07-29,TN,0
2026-07-30,TN,0
2026-07-31,TN,0
2026-08-01,TN,0
2026-08-02,TN,0
2026-08-03,TN,82.8
2026-08-04,TN,53.62
2026-08-05,TN,0
2026-08-06,TN,73.21
2026-08-07,TN,64.87
2026-08-08,TN,0
2026-08-09,TN,79.6
2026-08-10,TN,0
2026-08-11,TN,0
2026-08-12,TN,0
2026-07-16,TR,0
2026-07-17,TR,0
2026-07-18,TR,0
2026-07-19,TR,0
2026-07-20,TR,0
2026-07-21,TR,0
2026-07-22,TR,0
2026-07-23,TR,0
2026-07-24,TR,0
2026-07-25,TR,0
2026-07-26,TR,0
2026-07-27,TR,69.95
2026-07-28,TR,75.36
2026-07-29,TR,60.52
2026-07-30,TR,60.58
2026-07-31,TR,70.7
2026-08-01,TR,59.26
2026-08-02,TR,72.12
2026-08-03,TR,81.09
2026-08-04,TR,76.28
2026-08-05,TR,92.18
2026-08-06,TR,98.18
2026-08-07,TR,63.85
2026-08-08,TR,81.04
2026-08-09,TR,81.66
2026-08-10,TR,93.97
2026-08-11,TR,83.29
2026-08-12,TR,0
2026-07-16,TT,0
2026-07-17,TT,0
2026-07-18,TT,0
2026-07-19,TT,0
2026-07-20,TT,0
2026-07-21,TT,0
2026-07-22,TT,0
2026-07-23,TT,0
2026-07-24,TT,0
2026-07-25,TT,0
2026-07-26,TT,0
2026-07-27,TT,89.4
2026-07-28,TT,0
2026-07-29,TT,0
2026-07-30,TT,0
2026-07-31,TT,0
2026-08-01,TT,0
2026-08-02,TT,76.47
2026-08-03,TT,86.86
2026-08-04,TT,93.7
2026-08-05,TT,0
2026-08-06,TT,72.36
2026-08-07,TT,90.09
2026-08-08,TT,91.92
2026-08-09,TT,79.05
2026-08-10,TT,103.14
2026-08-11,TT,0
2026-08-12,TT,0
2026-07-16,TW,0
2026-07-17,TW,0
2026-07-18,TW,0
2026-07-19,TW,0
2026-07-20,TW,0
2026-07-21,TW,0
2026-07-22,TW,0
2026-07-23,TW,0
2026-07-24,TW,0
2026-07-25,TW,0
2026-07-26,TW,0
2026-07-27,TW,0
2026-07-28,TW,0
2026-07-29,TW,0
2026-07-30,TW,0
2026-07-31,TW,0
2026-08-01,TW,0
2026-08-02,TW,0
2026-08-03,TW,91.1
2026-08-04,TW,76.93
2026-08-05,TW,0
2026-08-06,TW,78.09
2026-08-07,TW,66.43
2026-08-08,TW,0
2026-08-09,TW,0
2026-08-10,TW,65.58
2026-08-11,TW,0
2026-08-12,TW,0
2026-07-16,TZ,0
2026-07-17,TZ,0
2026-07-18,TZ,0
2026-07-19,TZ,0
2026-07-20,TZ,0
2026-07-21,TZ,0
2026-07-22,TZ,0
2026-07-23,TZ,0
2026-07-24,TZ,0
2026-07-25,TZ,0
2026-07-26,TZ,0
2026-07-27,TZ,0
2026-07-28,TZ,0
2026-07-29,TZ,0
2026-07-30,TZ,0
2026-07-31,TZ,0
2026-08-01,TZ,0
2026-08-02,TZ,0
2026-08-03,TZ,0
2026-08-04,TZ,102.01
2026-08-05,TZ,0
2026-08-06,TZ,95.39
2026-08-07,TZ,87.82
2026-08-08,TZ,0
2026-08-09,TZ,0
2026-08-10,TZ,0
2026-08-11,TZ,0
2026-08-12,TZ,0
2026-07-16,UA,0
2026-07-17,UA,0
2026-07-18,UA,0
2026-07-19,UA,0
2026-07-20,UA,0
2026-07-21,UA,0
2026-07-22,UA,0
2026-07-23,UA,0
2026-07-24,UA,0
2026-07-25,UA,0
2026-07-26,UA,0
2026-07-27,UA,64.86
2026-07-28,UA,0
2026-07-29,UA,0
2026-07-30,UA,0
2026-07-31,UA,0
2026-08-01,UA,0
2026-08-02,UA,94.06
2026-08-03,UA,81.15
2026-08-04,UA,75.61
2026-08-05,UA,0
2026-08-06,UA,87.27
2026-08-07,UA,84.76
2026-08-08,UA,79.51
2026-08-09,UA,75.81
2026-08-10,UA,60.66
2026-08-11,UA,72.32
2026-08-12,UA,0
2026-07-16,UG,0
2026-07-17,UG,0
2026-07-18,UG,0
2026-07-19,UG,0
2026-07-20,UG,0
2026-07-21,UG,0
2026-07-22,UG,0
2026-07-23,UG,0
2026-07-24,UG,0
2026-07-25,UG,0
2026-07-26,UG,0
2026-07-27,UG,0
2026-07-28,UG,0
2026-07-29,UG,0
2026-07-30,UG,0
2026-07-31,UG,0
2026-08-01,UG,0
2026-08-02,UG,0
2026-08-03,UG,0
2026-08-04,UG,71.7
2026-08-05,UG,0
2026-08-06,UG,71.36
2026-08-07,UG,69.18
2026-08-08,UG,62.57
2026-08-09,UG,0
2026-08-10,UG,0
2026-08-11,UG,0
2026-08-12,UG,0
2026-07-16,US,0
2026-07-17,US,0
2026-07-18,US,0
2026-07-19,US,0
2026-07-20,US,0
2026-07-21,US,0
2026-07-22,US,0
2026-07-23,US,0
2026-07-24,US,0
2026-07-25,US,0
2026-07-26,US,59.45
2026-07-27,US,73.08
2026-07-28,US,76.56
2026-07-29,US,70.53
2026-07-30,US,72.18
2026-07-31,US,82.93
2026-08-01,US,81.1
2026-08-02,US,77.49
2026-08-03,US,89.66
2026-08-04,US,86.94
2026-08-05,US,125.71
2026-08-06,US,88.7
2026-08-07,US,77.65
2026-08-08,US,82.23
2026-08-09,US,87.47
2026-08-10,US,97.23
2026-08-11,US,96.78
2026-08-12,US,0
2026-07-16,UZ,0
2026-07-17,UZ,0
2026-07-18,UZ,0
2026-07-19,UZ,0
2026-07-20,UZ,0
2026-07-21,UZ,0
2026-07-22,UZ,0
2026-07-23,UZ,0
2026-07-24,UZ,0
2026-07-25,UZ,0
2026-07-26,UZ,0
2026-07-27,UZ,82.01
2026-07-28,UZ,54.21
2026-07-29,UZ,0
2026-07-30,UZ,0
2026-07-31,UZ,63.2
2026-08-01,UZ,88.39
2026-08-02,UZ,65.79
2026-08-03,UZ,72.26
2026-08-04,UZ,66.43
2026-08-05,UZ,68.08
2026-08-06,UZ,72.17
2026-08-07,UZ,58.95
2026-08-08,UZ,70.37
2026-08-09,UZ,79.52
2026-08-10,UZ,93
2026-08-11,UZ,85.98
2026-08-12,UZ,0
2026-07-16,VI,0
2026-07-17,VI,0
2026-07-18,VI,0
2026-07-19,VI,0
2026-07-20,VI,0
2026-07-21,VI,0
2026-07-22,VI,0
2026-07-23,VI,0
2026-07-24,VI,0
2026-07-25,VI,0
2026-07-26,VI,0
2026-07-27,VI,0
2026-07-28,VI,0
2026-07-29,VI,0
2026-07-30,VI,0
2026-07-31,VI,0
2026-08-01,VI,0
2026-08-02,VI,0
2026-08-03,VI,0
2026-08-04,VI,0
2026-08-05,VI,92.6
2026-08-06,VI,0
2026-08-07,VI,0
2026-08-08,VI,0
2026-08-09,VI,0
2026-08-10,VI,0
2026-08-11,VI,0
2026-08-12,VI,0
2026-07-16,VN,0
2026-07-17,VN,0
2026-07-18,VN,0
2026-07-19,VN,0
2026-07-20,VN,0
2026-07-21,VN,0
2026-07-22,VN,0
2026-07-23,VN,0
2026-07-24,VN,0
2026-07-25,VN,0
2026-07-26,VN,0
2026-07-27,VN,67.45
2026-07-28,VN,67.68
2026-07-29,VN,89.56
2026-07-30,VN,0
2026-07-31,VN,73.55
2026-08-01,VN,72.4
2026-08-02,VN,74.26
2026-08-03,VN,84.16
2026-08-04,VN,75.16
2026-08-05,VN,71.5
2026-08-06,VN,104.41
2026-08-07,VN,70.14
2026-08-08,VN,81.92
2026-08-09,VN,77.07
2026-08-10,VN,88.37
2026-08-11,VN,71.81
2026-08-12,VN,0
2026-07-16,ZA,0
2026-07-17,ZA,0
2026-07-18,ZA,0
2026-07-19,ZA,0
2026-07-20,ZA,0
2026-07-21,ZA,0
2026-07-22,ZA,0
2026-07-23,ZA,0
2026-07-24,ZA,0
2026-07-25,ZA,0
2026-07-26,ZA,0
2026-07-27,ZA,70.63
2026-07-28,ZA,68.76
2026-07-29,ZA,71.86
2026-07-30,ZA,88.95
2026-07-31,ZA,72.51
2026-08-01,ZA,79.24
2026-08-02,ZA,84.58
2026-08-03,ZA,80.34
2026-08-04,ZA,75.25
2026-08-05,ZA,72.63
2026-08-06,ZA,85.16
2026-08-07,ZA,77.84
2026-08-08,ZA,79.67
2026-08-09,ZA,74.13
2026-08-10,ZA,83.79
2026-08-11,ZA,84.41
2026-08-12,ZA,0
2026-07-16,ZM,0
2026-07-17,ZM,0
2026-07-18,ZM,0
2026-07-19,ZM,0
2026-07-20,ZM,0
2026-07-21,ZM,0
2026-07-22,ZM,0
2026-07-23,ZM,0
2026-07-24,ZM,0
2026-07-25,ZM,0
2026-07-26,ZM,0
2026-07-27,ZM,0
2026-07-28,ZM,0
2026-07-29,ZM,0
2026-07-30,ZM,0
2026-07-31,ZM,0
2026-08-01,ZM,0
2026-08-02,ZM,0
2026-08-03,ZM,83.75
2026-08-04,ZM,88.52
2026-08-05,ZM,0
2026-08-06,ZM,83.21
2026-08-07,ZM,56.52
2026-08-08,ZM,80.79
2026-08-09,ZM,80.13
2026-08-10,ZM,144
2026-08-11,ZM,0
2026-08-12,ZM,0
2026-07-16,ZW,0
2026-07-17,ZW,0
2026-07-18,ZW,0
2026-07-19,ZW,0
2026-07-20,ZW,0
2026-07-21,ZW,0
2026-07-22,ZW,0
2026-07-23,ZW,0
2026-07-24,ZW,0
2026-07-25,ZW,0
2026-07-26,ZW,0
2026-07-27,ZW,76.24
2026-07-28,ZW,0
2026-07-29,ZW,0
2026-07-30,ZW,0
2026-07-31,ZW,0
2026-08-01,ZW,0
2026-08-02,ZW,0
2026-08-03,ZW,88.95
2026-08-04,ZW,82.21
2026-08-05,ZW,0
2026-08-06,ZW,72.86
2026-08-07,ZW,85.55
2026-08-08,ZW,78.63
2026-08-09,ZW,0
2026-08-10,ZW,0
2026-08-11,ZW,0
2026-08-12,ZW,0
